"Date","Price","Open","High","Low","Vol.","Change %"
"02/02/2024","75,200","74,000","75,200","73,700","14.85M","2.17%"
"02/01/2024","73,600","73,000","74,200","72,900","0.09K","1.24%"
"01/31/2024","72,700","73,500","74,000","72,500","4.69K","-2.15%"
"01/30/2024","74,300","75,000","75,300","73,700","1.26K","-0.13%"
"01/29/2024","74,400","73,800","75,200","73,500","0.02K","1.36%"
"01/28/2024","73,400","73,400","73,400","73,400","","0.00%"
"01/26/2024","73,400","73,700","74,500","73,300","10.98M","-0.94%"
"01/25/2024","74,100","74,300","74,800","73,700","2.73K","0.14%"
"01/24/2024","74,000","75,200","75,200","73,500","12.69M","-1.60%"
"01/23/2024","75,200","75,700","75,800","74,300","0.42K","0.13%"
"01/22/2024","75,100","75,900","76,000","75,000","19.62M","0.54%"
"01/21/2024","74,700","74,700","74,700","74,700","","0.00%"
"01/19/2024","74,700","73,500","74,700","73,000","23.20M","4.18%"
"01/18/2024","71,700","71,600","72,000","70,700","0.03K","0.99%"
"01/17/2024","71,000","73,100","73,300","71,000","1.11K","-2.20%"
"01/16/2024","72,600","73,500","73,700","72,500","11.96K","-1.76%"
"01/15/2024","73,900","73,200","74,000","73,200","12.97M","1.09%"
"01/14/2024","73,100","73,100","73,100","73,100","","0.00%"
"01/12/2024","73,100","73,000","74,100","72,800","12.97M","-0.14%"
"01/11/2024","73,200","73,000","73,600","72,800","2.26K","-0.54%"
"01/10/2024","73,600","74,900","75,200","73,200","3.95K","-1.47%"
"01/09/2024","74,700","77,400","77,700","74,300","3.26K","-2.35%"
"01/08/2024","76,500","76,900","77,500","76,400","0.44K","-0.13%"
"01/07/2024","76,600","76,600","76,600","76,600","","0.00%"
"01/05/2024","76,600","76,700","77,100","76,400","11.20M","0.00%"
"01/04/2024","76,600","76,400","77,300","76,200","0.18K","-0.52%"
"01/03/2024","77,000","78,600","78,700","77,000","1.27K","-3.27%"
"01/02/2024","79,600","78,500","79,800","78,200","2.09K","1.40%"
"12/28/2023","78,500","77,700","78,500","77,500","17.73M","0.64%"
"12/27/2023","78,000","76,700","78,000","76,500","3.52K","1.83%"
"12/26/2023","76,600","76,000","76,700","75,700","3.45K","0.92%"
"12/25/2023","75,900","75,900","75,900","75,900","","0.00%"
"12/22/2023","75,900","75,800","76,300","75,400","14.48M","1.20%"
"12/21/2023","75,000","74,500","75,000","74,300","0.44K","0.27%"
"12/20/2023","74,800","74,200","74,900","73,800","1.18K","1.91%"
"12/19/2023","73,400","72,900","73,400","72,800","0.27K","0.69%"
"12/18/2023","72,900","73,300","73,400","72,800","0.65K","-0.55%"
"12/17/2023","73,300","73,300","73,300","73,300","","0.00%"
"12/15/2023","73,300","73,800","74,000","73,200","14.89M","0.27%"
"12/14/2023","73,100","74,100","74,300","72,500","1.07K","0.41%"
"12/13/2023","72,800","73,400","73,500","72,800","0.32K","-0.95%"
"12/12/2023","73,500","73,300","73,500","73,100","0.86K","0.68%"
"12/11/2023","73,000","72,900","73,000","72,200","0.98K","0.55%"
"12/10/2023","72,600","72,600","72,600","72,600","","0.00%"
"12/08/2023","72,600","72,100","72,800","71,900","10.12M","1.54%"
"12/07/2023","71,500","71,800","71,900","71,100","0.06K","-0.28%"
"12/06/2023","71,700","71,900","72,100","71,600","0.25K","0.70%"
"12/05/2023","71,200","72,300","72,400","71,200","0.45K","-1.93%"
"12/04/2023","72,600","72,700","72,900","72,500","0.55K","0.83%"
"12/03/2023","72,000","72,000","72,000","72,000","","0.00%"
"12/01/2023","72,000","72,400","72,500","71,700","9.78M","-1.10%"
"11/30/2023","72,800","72,600","72,800","72,200","1.92K","0.14%"
"11/29/2023","72,700","72,400","72,800","72,200","8.91M","0.00%"
"11/28/2023","72,700","71,400","72,700","71,300","13.27M","1.96%"
"11/27/2023","71,300","71,800","72,100","71,100","0.55K","-0.56%"
"11/26/2023","71,700","71,700","71,700","71,700","","0.00%"
"11/24/2023","71,700","72,400","72,600","71,700","6.39M","-0.97%"
"11/23/2023","72,400","72,900","73,200","72,200","1.08K","-0.55%"
"11/22/2023","72,800","72,200","73,000","71,900","0.77K","0.00%"
"11/21/2023","72,800","73,100","73,400","72,700","0.97K","0.14%"
"11/20/2023","72,700","72,100","73,000","72,100","10.58M","0.28%"
"11/19/2023","72,500","72,500","72,500","72,500","","0.00%"
"11/17/2023","72,500","72,300","73,000","72,300","10.85M","-0.41%"
"11/16/2023","72,800","72,500","73,000","72,300","14.55M","0.83%"
"11/15/2023","72,200","71,600","72,200","71,500","20.06M","1.98%"
"11/14/2023","70,800","71,000","71,100","70,600","0.07K","0.57%"
"11/13/2023","70,400","71,200","71,300","70,300","0.66K","-0.14%"
"11/12/2023","70,500","70,500","70,500","70,500","","0.00%"
"11/10/2023","70,500","70,000","70,500","69,500","9.09M","0.28%"
"11/09/2023","70,300","69,900","70,800","69,600","1.20K","0.57%"
"11/08/2023","69,900","71,300","71,400","69,700","12.73M","-1.41%"
"11/07/2023","70,900","70,700","70,900","70,000","2.07K","0.00%"
"11/06/2023","70,900","69,800","70,900","69,300","2.07K","1.87%"
"11/05/2023","69,600","69,600","69,600","69,600","","0.00%"
"11/03/2023","69,600","69,700","70,200","69,500","10.28M","-0.14%"
"11/02/2023","69,700","69,900","70,000","69,400","0.05K","1.60%"
"11/01/2023","68,600","67,400","68,800","67,300","0.15K","2.54%"
"10/31/2023","66,900","67,500","68,200","66,900","0.60K","-0.59%"
"10/30/2023","67,300","66,800","67,800","66,700","0.19K","0.00%"
"10/29/2023","67,300","67,300","67,300","67,300","","0.00%"
"10/27/2023","67,300","67,100","67,300","66,700","11.25M","0.90%"
"10/26/2023","66,700","67,000","67,900","66,700","14.59M","-1.91%"
"10/25/2023","68,000","68,800","68,800","67,900","0.21K","-0.73%"
"10/24/2023","68,500","68,700","68,800","67,700","12.75M","0.15%"
"10/23/2023","68,400","68,700","69,100","68,200","10.61M","-0.58%"
"10/22/2023","68,800","68,800","68,800","68,800","","0.00%"
"10/20/2023","68,800","68,900","69,200","68,100","15.11M","-1.01%"
"10/19/2023","69,500","69,700","70,000","69,400","0.14K","-1.42%"
"10/18/2023","70,500","68,800","70,500","68,800","0.09K","1.59%"
"10/17/2023","69,400","67,700","69,800","67,500","0.44K","3.12%"
"10/16/2023","67,300","67,900","68,500","66,800","12.54M","-1.03%"
"10/15/2023","68,000","68,000","68,000","68,000","","0.00%"
"10/13/2023","68,000","68,000","68,500","67,700","9.56M","-1.31%"
"10/12/2023","68,900","68,700","69,700","68,200","1.82K","1.03%"
"10/11/2023","68,200","68,500","69,400","67,900","0.09K","2.71%"
"10/10/2023","66,400","66,200","67,600","66,200","19.11M","0.61%"
"10/09/2023","66,000","66,000","66,000","66,000","","0.00%"
"10/06/2023","66,000","67,100","67,300","66,000","14.19M","-1.05%"
"10/05/2023","66,700","67,300","67,400","66,700","0.35K","-1.19%"
"10/04/2023","67,500","67,400","67,700","66,700","22.46M","-1.32%"
"10/03/2023","68,400","68,400","68,400","68,400","","0.00%"
"09/27/2023","68,400","68,600","69,100","68,200","13.08M","-0.29%"
"09/26/2023","68,600","69,900","69,900","68,400","0.47K","-1.15%"
"09/25/2023","69,400","68,500","69,700","68,500","13.34M","0.87%"
"09/24/2023","68,800","68,800","68,800","68,800","","0.00%"
"09/22/2023","68,800","68,300","68,900","68,300","9.42M","-0.15%"
"09/21/2023","68,900","69,300","69,800","68,800","0.44K","-1.01%"
"09/20/2023","69,600","69,900","70,300","69,500","22.30K","-0.29%"
"09/19/2023","69,800","70,400","70,800","69,600","2.23K","-0.57%"
"09/18/2023","70,200","71,400","71,700","70,200","0.30K","-2.50%"
"09/17/2023","72,000","72,000","72,000","72,000","","0.00%"
"09/15/2023","72,000","71,700","72,300","71,400","17.51M","0.42%"
"09/14/2023","71,700","71,200","71,800","70,800","0.39K","1.13%"
"09/13/2023","70,900","71,000","71,500","70,300","0.50K","0.57%"
"09/12/2023","70,500","70,800","71,000","70,400","1.90K","-0.42%"
"09/11/2023","70,800","70,400","70,800","70,000","0.68K","0.71%"
"09/10/2023","70,300","70,300","70,300","70,300","","0.00%"
"09/08/2023","70,300","70,200","70,300","69,600","10.58M","-0.14%"
"09/07/2023","70,400","70,100","70,600","69,600","1.04K","0.57%"
"09/06/2023","70,000","70,700","70,800","69,700","3.06K","-0.99%"
"09/05/2023","70,700","71,000","71,500","70,200","1.53K","-0.70%"
"09/04/2023","71,200","72,800","72,800","70,700","5.62K","0.28%"
"09/03/2023","71,000","71,000","71,000","71,000","","0.00%"
"09/01/2023","71,000","66,800","71,000","66,700","29.42M","6.13%"
"08/31/2023","66,900","67,200","67,200","66,400","0.44K","-0.30%"
"08/30/2023","67,100","67,300","67,700","67,100","0.24K","0.45%"
"08/29/2023","66,800","67,000","67,200","66,600","0.22K","0.00%"
"08/28/2023","66,800","66,800","67,000","66,500","5.78M","-0.45%"
"08/27/2023","67,100","67,100","67,100","67,100","","0.00%"
"08/25/2023","67,100","67,100","67,400","66,900","7.00M","-1.61%"
"08/24/2023","68,200","68,300","68,600","68,000","0.24K","1.64%"
"08/23/2023","67,100","66,600","67,100","66,400","0.10K","0.75%"
"08/22/2023","66,600","67,300","67,600","66,300","2.34K","0.00%"
"08/21/2023","66,600","66,600","67,100","66,300","9.56M","0.45%"
"08/20/2023","66,300","66,300","66,300","66,300","","0.00%"
"08/18/2023","66,300","66,000","66,700","65,800","11.63M","-0.60%"
"08/17/2023","66,700","66,400","66,800","66,000","1.77K","-0.45%"
"08/16/2023","67,000","66,800","67,100","66,400","4.78K","-0.45%"
"08/15/2023","67,300","67,300","67,300","67,300","","0.00%"
"08/14/2023","67,300","67,500","67,900","66,900","9.33M","-0.30%"
"08/13/2023","67,500","67,500","67,500","67,500","","0.00%"
"08/11/2023","67,500","68,400","68,800","67,500","9.63M","-0.74%"
"08/10/2023","68,000","68,300","68,500","67,800","10.17M","-1.31%"
"08/09/2023","68,900","68,000","69,500","68,000","0.71K","1.92%"
"08/08/2023","67,600","69,000","69,100","67,400","3.19K","-1.31%"
"08/07/2023","68,500","67,700","69,200","67,700","0.32K","0.29%"
"08/06/2023","68,300","68,300","68,300","68,300","","0.00%"
"08/04/2023","68,300","68,800","69,100","68,200","12.26M","-0.73%"
"08/03/2023","68,800","70,000","70,200","68,500","0.32K","-1.57%"
"08/02/2023","69,900","70,800","71,000","69,800","1.31K","-1.69%"
"08/01/2023","71,100","70,200","71,200","70,100","1.90K","1.86%"
"07/31/2023","69,800","70,800","71,000","69,800","0.06K","-1.13%"
"07/30/2023","70,600","70,600","70,600","70,600","","0.00%"
"07/28/2023","70,600","71,800","72,400","70,100","19.00M","-1.53%"
"07/27/2023","71,700","69,800","71,700","69,300","11.57K","2.72%"
"07/26/2023","69,800","69,800","70,600","68,100","29.81M","-0.29%"
"07/25/2023","70,000","70,200","70,500","69,800","4.37K","-0.57%"
"07/24/2023","70,400","70,200","70,800","70,000","1.81K","0.14%"
"07/23/2023","70,300","70,300","70,300","70,300","","0.00%"
"07/21/2023","70,300","70,400","70,400","69,400","16.50M","-0.99%"
"07/20/2023","71,000","71,100","71,500","70,800","9.67M","-0.98%"
"07/19/2023","71,700","72,700","72,700","71,300","2.94K","-0.42%"
"07/18/2023","72,000","73,200","73,500","72,000","11.26M","-1.77%"
"07/17/2023","73,300","73,000","73,500","72,800","0.63K","-0.14%"
"07/16/2023","73,400","73,400","73,400","73,400","","0.00%"
"07/14/2023","73,400","72,500","73,400","72,400","15.74M","2.09%"
"07/13/2023","71,900","72,300","72,600","71,900","0.46K","0.00%"
"07/12/2023","71,900","71,100","72,000","71,100","0.03K","0.56%"
"07/11/2023","71,500","70,200","71,500","70,100","0.89K","2.88%"
"07/10/2023","69,500","70,000","70,400","69,200","0.18K","-0.57%"
"07/09/2023","69,900","69,900","69,900","69,900","","0.00%"
"07/07/2023","69,900","71,100","71,400","69,800","17.23M","-2.37%"
"07/06/2023","71,600","71,900","72,300","71,500","1.63K","-0.56%"
"07/05/2023","72,000","73,000","73,300","71,900","0.76K","-1.37%"
"07/04/2023","73,000","73,400","73,600","73,000","0.48K","0.00%"
"07/03/2023","73,000","72,700","73,200","72,600","1.39K","1.11%"
"07/02/2023","72,200","72,200","72,200","72,200","","0.00%"
"06/30/2023","72,200","72,500","72,700","71,700","11.32M","-0.28%"
"06/29/2023","72,400","73,000","73,400","72,400","1.68K","-0.41%"
"06/28/2023","72,700","72,600","72,700","72,000","8.69M","0.14%"
"06/27/2023","72,600","72,500","72,600","72,000","0.26K","0.28%"
"06/26/2023","72,400","71,800","72,500","71,500","0.90K","1.12%"
"06/25/2023","71,600","71,600","71,600","71,600","","0.00%"
"06/23/2023","71,600","72,000","72,200","71,600","12.23M","0.42%"
"06/22/2023","71,300","70,100","71,500","70,100","0.55K","1.13%"
"06/21/2023","70,500","70,800","71,200","70,400","0.18K","-1.26%"
"06/20/2023","71,400","70,700","71,400","70,400","0.28K","0.28%"
"06/19/2023","71,200","71,400","71,700","70,900","0.32K","-0.84%"
"06/18/2023","71,800","71,800","71,800","71,800","","0.00%"
"06/16/2023","71,800","71,800","71,900","70,900","14.27M","0.42%"
"06/15/2023","71,500","72,100","72,300","71,400","0.50K","-0.56%"
"06/14/2023","71,900","72,100","72,200","71,100","12.46M","-0.14%"
"06/13/2023","72,000","71,700","72,200","71,600","0.14K","1.41%"
"06/12/2023","71,000","72,100","72,400","70,800","0.11K","-1.39%"
"06/11/2023","72,000","72,000","72,000","72,000","","0.00%"
"06/09/2023","72,000","71,100","72,300","70,800","14.97M","1.55%"
"06/08/2023","70,900","70,400","70,900","70,000","0.16K","-0.14%"
"06/07/2023","71,000","71,300","71,600","70,800","14.72M","-0.98%"
"06/06/2023","71,700","71,700","71,700","71,700","","0.00%"
"06/05/2023","71,700","72,700","72,700","71,400","12.62M","-0.69%"
"06/04/2023","72,200","72,200","72,200","72,200","","0.00%"
"06/02/2023","72,200","71,700","72,200","71,600","11.72M","1.83%"
"06/01/2023","70,900","70,900","71,600","70,600","14.55M","-0.70%"
"05/31/2023","71,400","72,400","72,500","71,000","0.89K","-1.24%"
"05/30/2023","72,300","71,300","72,300","71,200","6.00K","2.84%"
"05/29/2023","70,300","70,300","70,300","70,300","","0.00%"
"05/26/2023","70,300","69,800","70,400","69,500","19.47M","2.18%"
"05/25/2023","68,800","69,900","70,000","68,700","14.10M","0.44%"
"05/24/2023","68,500","68,100","68,700","68,000","8.05M","0.15%"
"05/23/2023","68,400","68,500","68,700","68,100","8.51M","-0.15%"
"05/22/2023","68,500","68,400","69,000","68,000","14.36M","0.15%"
"05/21/2023","68,400","68,400","68,400","68,400","","0.00%"
"05/19/2023","68,400","67,800","68,400","67,500","20.29M","3.32%"
"05/18/2023","66,200","65,900","66,200","65,700","0.32K","1.85%"
"05/17/2023","65,000","65,900","65,900","64,800","10.20M","-0.61%"
"05/16/2023","65,400","65,800","65,900","65,300","12.19M","1.40%"
"05/15/2023","64,500","64,100","64,600","63,900","8.13M","0.62%"
"05/14/2023","64,100","64,100","64,100","64,100","","0.00%"
"05/12/2023","64,100","63,700","64,600","63,600","7.53M","-0.16%"
"05/11/2023","64,200","64,800","65,100","64,200","0.43K","-0.62%"
"05/10/2023","64,600","65,500","65,500","64,300","13.02M","-1.07%"
"05/09/2023","65,300","65,800","65,800","65,100","9.28M","-0.91%"
"05/08/2023","65,900","66,200","66,300","65,400","0.54K","1.23%"
"05/07/2023","65,100","65,100","65,100","65,100","","0.00%"
"05/04/2023","65,100","65,600","65,700","64,700","9.76M","-0.46%"
"05/03/2023","65,400","65,200","65,600","64,900","0.82K","-0.46%"
"05/02/2023","65,700","66,000","66,300","65,100","14.08M","0.31%"
"05/01/2023","65,500","65,500","65,500","65,500","","0.00%"
"04/28/2023","65,500","65,200","65,900","65,000","18.14M","1.39%"
"04/27/2023","64,600","64,100","65,000","63,300","14.71M","0.78%"
"04/26/2023","64,100","63,700","64,300","63,300","1.99K","0.79%"
"04/25/2023","63,600","65,200","65,400","63,400","4.13K","-2.45%"
"04/24/2023","65,200","65,300","65,700","64,800","12.89M","-0.76%"
"04/23/2023","65,700","65,700","65,700","65,700","","0.00%"
"04/21/2023","65,700","65,800","65,900","65,400","10.29M","0.61%"
"04/20/2023","65,300","65,100","65,300","64,600","0.69K","-0.31%"
"04/19/2023","65,500","65,500","65,800","65,300","10.24M","-0.15%"
"04/18/2023","65,600","65,900","66,000","64,800","14.76M","0.46%"
"04/17/2023","65,300","64,900","65,600","64,700","4.08K","0.31%"
"04/16/2023","65,100","65,100","65,100","65,100","","0.00%"
"04/14/2023","65,100","66,600","66,600","65,000","15.49M","-1.51%"
"04/13/2023","66,100","65,600","66,100","65,400","1.44K","0.15%"
"04/12/2023","66,000","65,700","66,200","65,300","0.83K","0.15%"
"04/11/2023","65,900","66,200","66,200","65,400","16.18M","0.30%"
"04/10/2023","65,700","64,800","66,300","64,700","18.73M","1.08%"
"04/09/2023","65,000","65,000","65,000","65,000","","0.00%"
"04/07/2023","65,000","63,800","65,200","63,800","27.42M","4.33%"
"04/06/2023","62,300","63,500","63,600","62,300","14.97M","-2.50%"
"04/05/2023","63,900","63,700","64,000","63,400","0.73K","0.47%"
"04/04/2023","63,600","63,300","63,800","62,900","1.07K","0.79%"
"04/03/2023","63,100","64,000","64,000","63,000","11.94M","-1.41%"
"04/02/2023","64,000","64,000","64,000","64,000","","0.00%"
"03/31/2023","64,000","64,000","64,000","63,700","13.36M","1.27%"
"03/30/2023","63,200","63,700","63,700","63,100","1.47K","0.80%"
"03/29/2023","62,700","62,500","62,700","62,200","0.28K","-0.32%"
"03/28/2023","62,900","62,400","62,900","62,100","2.73K","1.29%"
"03/27/2023","62,100","62,700","62,800","62,000","3.85K","-1.43%"
"03/26/2023","63,000","63,000","63,000","63,000","","0.00%"
"03/24/2023","63,000","62,700","63,300","62,300","17.46M","1.12%"
"03/23/2023","62,300","60,600","62,300","60,600","15.30M","1.96%"
"03/22/2023","61,100","61,000","61,200","60,500","0.52K","1.33%"
"03/21/2023","60,300","60,500","60,700","60,100","0.07K","0.17%"
"03/20/2023","60,200","61,100","61,200","60,200","9.56M","-1.79%"
"03/19/2023","61,300","61,300","61,300","61,300","","0.00%"
"03/17/2023","61,300","60,800","61,300","60,600","13.81M","2.34%"
"03/16/2023","59,900","59,200","60,200","59,100","0.07K","0.17%"
"03/15/2023","59,800","60,000","60,300","59,600","4.52K","1.36%"
"03/14/2023","59,000","59,400","59,500","59,000","11.22M","-1.67%"
"03/13/2023","60,000","59,900","60,200","59,300","3.34K","0.84%"
"03/12/2023","59,500","59,500","59,500","59,500","","0.00%"
"03/10/2023","59,500","59,500","59,700","59,100","11.83M","-1.00%"
"03/09/2023","60,100","60,500","60,800","59,900","1.51K","-0.33%"
"03/08/2023","60,300","60,100","60,500","59,900","13.91M","-0.66%"
"03/07/2023","60,700","61,400","61,400","60,700","11.45M","-1.30%"
"03/06/2023","61,500","61,100","61,600","60,800","13.14M","1.65%"
"03/05/2023","60,500","60,500","60,500","60,500","","0.00%"
"03/03/2023","60,500","61,000","61,200","60,500","10.64M","-0.49%"
"03/02/2023","60,800","60,900","61,800","60,500","13.02M","0.33%"
"03/01/2023","60,600","60,600","60,600","60,600","","0.00%"
"02/28/2023","60,600","60,800","61,400","60,500","11.77M","0.17%"
"02/27/2023","60,500","60,800","60,800","60,200","11.11M","-1.31%"
"02/26/2023","61,300","61,300","61,300","61,300","","0.00%"
"02/24/2023","61,300","62,300","62,600","61,300","10.13M","-1.13%"
"02/23/2023","62,000","61,700","62,500","61,500","24.29K","1.47%"
"02/22/2023","61,100","61,500","61,800","61,000","0.51K","-1.61%"
"02/21/2023","62,100","62,700","62,800","62,000","7.58M","-0.96%"
"02/20/2023","62,700","62,900","63,000","61,800","12.88M","0.16%"
"02/19/2023","62,600","62,600","62,600","62,600","","0.00%"
"02/17/2023","62,600","62,900","63,300","62,400","10.68M","-1.73%"
"02/16/2023","63,700","62,600","63,700","62,400","0.13K","2.41%"
"02/15/2023","62,200","63,900","63,900","62,000","13.14M","-1.58%"
"02/14/2023","63,200","63,500","63,900","63,200","0.11K","0.48%"
"02/13/2023","62,900","62,900","63,000","62,300","10.68M","0.16%"
"02/12/2023","62,800","62,800","62,800","62,800","","0.00%"
"02/10/2023","62,800","62,600","63,000","62,400","9.34M","-0.32%"
"02/09/2023","63,000","63,000","63,300","62,300","12.12M","-0.16%"
"02/08/2023","63,100","62,800","63,300","62,400","12.18M","1.94%"
"02/07/2023","61,900","61,900","62,500","61,600","14.47M","0.49%"
"02/06/2023","61,600","62,800","63,000","61,600","15.46M","-3.45%"
"02/05/2023","63,800","63,800","63,800","63,800","","0.00%"
"02/03/2023","63,800","63,900","64,000","63,000","14.81M","0.47%"
"02/02/2023","63,500","63,200","63,900","62,600","23.12M","2.75%"
"02/01/2023","61,800","62,500","62,600","61,000","0.11K","1.31%"
"01/31/2023","61,000","63,400","63,700","61,000","1.28K","-3.63%"
"01/30/2023","63,300","64,900","64,900","63,100","19.15M","-2.01%"
"01/29/2023","64,600","64,600","64,600","64,600","","0.00%"
"01/27/2023","64,600","64,400","65,000","63,900","18.15M","1.10%"
"01/26/2023","63,900","63,800","63,900","63,300","13.25M","0.79%"
"01/25/2023","63,400","63,500","63,700","63,000","16.79M","2.59%"
"01/24/2023","61,800","61,800","61,800","61,800","","0.00%"
"01/20/2023","61,800","62,100","62,300","61,100","9.60M","0.49%"
"01/19/2023","61,500","60,400","61,500","60,400","0.25K","1.82%"
"01/18/2023","60,400","60,700","61,000","59,900","0.33K","-0.98%"
"01/17/2023","61,000","61,200","61,500","60,600","9.60M","-0.16%"
"01/16/2023","61,100","61,200","61,600","60,800","0.20K","0.49%"
"01/15/2023","60,800","60,800","60,800","60,800","","0.00%"
"01/13/2023","60,800","60,500","61,200","60,400","12.47M","0.50%"
"01/12/2023","60,500","61,200","61,200","59,900","1.56K","0.00%"
"01/11/2023","60,500","61,000","61,200","60,300","12.24M","0.17%"
"01/10/2023","60,400","60,200","61,100","59,900","16.98K","-0.49%"
"01/09/2023","60,700","59,700","60,700","59,600","4.21K","2.88%"
"01/08/2023","59,000","59,000","59,000","59,000","","0.00%"
"01/06/2023","59,000","58,300","59,400","57,900","17.01M","1.37%"
"01/05/2023","58,200","58,100","58,700","57,600","5.81K","0.69%"
"01/04/2023","57,800","55,700","58,000","55,600","20.01M","4.33%"
"01/03/2023","55,400","55,500","56,000","54,500","2.97K","-0.18%"
"01/02/2023","55,500","55,500","56,100","55,200","9.96M","0.36%"
"12/29/2022","55,300","56,000","56,200","55,300","10.86M","-2.30%"
"12/28/2022","56,600","57,500","57,600","56,500","1.11K","-2.58%"
"12/27/2022","58,100","58,000","58,400","57,900","1.21K","0.35%"
"12/26/2022","57,900","58,000","58,100","57,700","0.56K","-0.34%"
"12/25/2022","58,100","58,100","58,100","58,100","","0.00%"
"12/23/2022","58,100","58,200","58,400","57,700","9.80M","-1.69%"
"12/22/2022","59,100","58,200","59,100","58,100","0.46K","1.90%"
"12/21/2022","58,000","58,700","59,100","58,000","0.61K","-1.02%"
"12/20/2022","58,600","59,000","59,100","58,500","8.95M","-1.51%"
"12/19/2022","59,500","59,500","59,900","59,100","7.12M","0.00%"
"12/18/2022","59,500","59,500","59,500","59,500","","0.00%"
"12/16/2022","59,500","58,300","59,500","58,300","12.05M","0.34%"
"12/15/2022","59,300","59,900","60,200","59,300","0.77K","-1.98%"
"12/14/2022","60,500","59,800","60,600","59,800","0.54K","1.34%"
"12/13/2022","59,700","59,600","60,300","59,400","0.02K","0.34%"
"12/12/2022","59,500","60,000","60,000","59,400","0.46K","-1.49%"
"12/11/2022","60,400","60,400","60,400","60,400","","0.00%"
"12/09/2022","60,400","59,300","60,600","59,300","10.43M","2.03%"
"12/08/2022","59,200","58,800","59,200","58,600","0.49K","0.51%"
"12/07/2022","58,900","58,800","59,600","58,500","11.98M","-0.51%"
"12/06/2022","59,200","59,900","60,100","59,200","0.95K","-1.82%"
"12/05/2022","60,300","60,800","61,100","60,000","1.33K","-0.17%"
"12/04/2022","60,400","60,400","60,400","60,400","","0.00%"
"12/02/2022","60,400","62,500","62,500","60,400","15.11M","-3.51%"
"12/01/2022","62,600","63,000","63,200","62,300","0.04K","0.64%"
"11/30/2022","62,200","60,400","62,200","60,300","0.42K","2.64%"
"11/29/2022","60,600","59,900","60,600","59,800","0.40K","0.83%"
"11/28/2022","60,100","60,500","60,500","59,800","0.06K","-1.48%"
"11/27/2022","61,000","61,000","61,000","61,000","","0.00%"
"11/25/2022","61,000","61,400","61,700","60,800","6.64M","-0.65%"
"11/24/2022","61,400","61,300","61,700","60,900","2.22K","0.66%"
"11/23/2022","61,000","61,200","61,300","60,700","8.74M","0.66%"
"11/22/2022","60,600","60,900","61,200","60,300","9.30M","-1.30%"
"11/21/2022","61,400","61,400","61,800","60,800","9.22M","-0.65%"
"11/20/2022","61,800","61,800","61,800","61,800","","0.00%"
"11/18/2022","61,800","61,800","62,400","61,400","11.60M","0.65%"
"11/17/2022","61,400","62,000","62,000","61,300","13.27M","-2.07%"
"11/16/2022","62,700","62,400","62,700","61,700","12.76M","0.48%"
"11/15/2022","62,400","62,300","62,400","61,600","0.26K","0.81%"
"11/14/2022","61,900","62,900","62,900","61,700","3.49K","-1.59%"
"11/13/2022","62,900","62,900","62,900","62,900","","0.00%"
"11/11/2022","62,900","63,100","63,200","62,300","19.81M","4.14%"
"11/10/2022","60,400","61,400","61,500","60,400","21.00M","-2.58%"
"11/09/2022","62,000","62,000","62,200","61,300","13.99M","0.32%"
"11/08/2022","61,800","60,500","61,900","60,500","18.23M","2.66%"
"11/07/2022","60,200","59,700","60,300","59,400","0.02K","1.35%"
"11/06/2022","59,400","59,400","59,400","59,400","","0.00%"
"11/04/2022","59,400","59,100","59,500","58,400","12.42M","0.34%"
"11/03/2022","59,200","58,700","59,800","58,100","1.13K","-0.67%"
"11/02/2022","59,600","59,700","60,000","59,300","0.46K","-0.67%"
"11/01/2022","60,000","59,900","60,300","59,500","17.02M","1.01%"
"10/31/2022","59,400","58,100","59,900","58,000","18.93M","3.66%"
"10/30/2022","57,300","57,300","57,300","57,300","","0.00%"
"10/28/2022","57,300","58,900","59,200","57,200","20.61M","-3.70%"
"10/27/2022","59,500","59,700","60,100","58,900","0.77K","0.17%"
"10/26/2022","59,400","58,000","59,600","57,800","13.58K","2.95%"
"10/25/2022","57,700","57,000","58,600","57,000","16.90M","0.35%"
"10/24/2022","57,500","57,000","57,500","56,700","16.89M","2.86%"
"10/23/2022","55,900","55,900","55,900","55,900","","0.00%"
"10/21/2022","55,900","55,100","56,300","55,100","9.98M","0.72%"
"10/20/2022","55,500","55,200","56,000","55,100","15.77M","-0.54%"
"10/19/2022","55,800","56,800","56,900","55,700","1.74K","-1.24%"
"10/18/2022","56,500","56,800","57,100","55,800","0.81K","-0.18%"
"10/17/2022","56,600","55,800","56,900","55,800","0.00K","0.53%"
"10/16/2022","56,300","56,300","56,300","56,300","","0.00%"
"10/14/2022","56,300","56,200","56,500","55,800","12.87M","1.99%"
"10/13/2022","55,200","55,500","56,100","55,200","0.21K","-1.08%"
"10/12/2022","55,800","55,400","57,000","55,400","5.55K","0.72%"
"10/11/2022","55,400","54,500","55,600","54,000","1.21K","-1.42%"
"10/10/2022","56,200","56,200","56,200","56,200","","0.00%"
"10/07/2022","56,200","55,900","56,900","55,200","15.91M","-0.18%"
"10/06/2022","56,300","56,600","57,300","56,300","1.88K","0.54%"
"10/05/2022","56,000","56,900","57,200","55,400","22.22M","1.45%"
"10/04/2022","55,200","55,300","55,400","54,500","19.05M","3.95%"
"10/03/2022","53,100","53,100","53,100","53,100","","0.00%"
"09/30/2022","53,100","52,300","53,600","51,800","21.82M","0.95%"
"09/29/2022","52,600","53,300","53,700","52,600","13.69M","-0.57%"
"09/28/2022","52,900","53,900","54,400","52,500","19.66M","-2.40%"
"09/27/2022","54,200","53,800","54,200","53,500","15.89M","0.56%"
"09/26/2022","53,900","53,700","54,200","53,600","14.15M","-1.10%"
"09/25/2022","54,500","54,500","54,500","54,500","","0.00%"
"09/23/2022","54,500","54,400","54,900","54,200","10.48M","0.18%"
"09/22/2022","54,400","54,700","54,700","54,300","9.15K","-1.63%"
"09/21/2022","55,300","55,500","55,500","55,000","1.55K","-0.90%"
"09/20/2022","55,800","56,400","57,000","55,800","13.86M","-1.06%"
"09/19/2022","56,400","56,300","57,000","56,000","12.14M","0.36%"
"09/18/2022","56,200","56,200","56,200","56,200","","0.00%"
"09/16/2022","56,200","55,600","56,400","55,500","12.74M","0.36%"
"09/15/2022","56,000","57,100","57,100","56,000","3.94K","-1.41%"
"09/14/2022","56,800","56,200","57,200","56,100","0.13K","-2.24%"
"09/13/2022","58,100","56,900","58,500","56,800","0.66K","4.50%"
"09/12/2022","55,600","55,600","55,600","55,600","","0.00%"
"09/08/2022","55,600","56,200","56,400","55,600","17.63M","-0.71%"
"09/07/2022","56,000","56,700","56,700","55,900","0.18K","-1.93%"
"09/06/2022","57,100","57,200","57,600","56,900","7.44M","0.00%"
"09/05/2022","57,100","57,400","57,800","56,800","1.41K","-0.70%"
"09/04/2022","57,500","57,500","57,500","57,500","","0.00%"
"09/02/2022","57,500","58,300","58,600","57,500","14.10M","-1.54%"
"09/01/2022","58,400","58,700","58,900","58,300","4.80K","-2.18%"
"08/31/2022","59,700","58,300","59,900","58,200","0.62K","1.53%"
"08/30/2022","58,800","58,700","59,000","58,300","9.59M","0.34%"
"08/29/2022","58,600","58,800","58,900","58,600","3.00K","-2.33%"
"08/26/2022","60,000","60,300","60,900","59,900","9.44M","0.50%"
"08/25/2022","59,700","59,200","59,700","59,000","0.12K","1.19%"
"08/24/2022","59,000","59,300","59,500","59,000","0.01K","-0.17%"
"08/23/2022","59,100","59,400","59,600","59,100","1.02K","-1.50%"
"08/22/2022","60,000","60,300","60,400","59,800","8.08M","-1.48%"
"08/21/2022","60,900","60,900","60,900","60,900","","0.00%"
"08/19/2022","60,900","61,400","61,600","60,600","6.88M","-0.98%"
"08/18/2022","61,500","60,400","61,900","60,100","0.93K","1.82%"
"08/17/2022","60,400","61,100","61,200","60,300","9.01M","-0.98%"
"08/16/2022","61,000","60,500","61,500","60,300","9.50K","1.33%"
"08/15/2022","60,200","60,200","60,200","60,200","","0.00%"
"08/12/2022","60,200","59,500","60,700","59,400","10.74M","0.50%"
"08/11/2022","59,900","59,700","60,000","59,300","3.13K","1.35%"
"08/10/2022","59,100","58,900","59,200","58,600","17.90M","-1.50%"
"08/09/2022","60,000","60,600","60,700","59,600","2.85K","-1.32%"
"08/08/2022","60,800","61,300","61,300","60,600","4.60K","-1.14%"
"08/07/2022","61,500","61,500","61,500","61,500","","0.00%"
"08/05/2022","61,500","61,700","61,900","61,200","9.49M","0.00%"
"08/04/2022","61,500","61,700","61,800","61,200","9.10M","0.33%"
"08/03/2022","61,300","61,600","61,600","61,000","9.97M","-0.65%"
"08/02/2022","61,700","61,200","61,900","61,000","13.52M","0.65%"
"08/01/2022","61,300","61,000","61,600","60,300","1.47K","-0.16%"
"07/31/2022","61,400","61,400","61,400","61,400","","0.00%"
"07/29/2022","61,400","62,400","62,600","61,300","15.04M","-0.81%"
"07/28/2022","61,900","62,200","62,600","61,600","0.61K","0.16%"
"07/27/2022","61,800","61,400","61,900","61,200","0.43K","0.16%"
"07/26/2022","61,700","60,800","61,900","60,800","6.57M","0.98%"
"07/25/2022","61,100","60,900","61,900","60,900","7.41K","-0.33%"
"07/24/2022","61,300","61,300","61,300","61,300","","0.00%"
"07/22/2022","61,300","61,800","62,200","61,200","10.24M","-0.81%"
"07/21/2022","61,800","61,100","61,900","60,900","7.69K","2.15%"
"07/20/2022","60,500","61,900","62,000","60,500","0.11K","-0.66%"
"07/19/2022","60,900","61,400","61,400","60,200","0.02K","-1.62%"
"07/18/2022","61,900","60,600","62,000","60,500","3.55K","3.17%"
"07/17/2022","60,000","60,000","60,000","60,000","","0.00%"
"07/15/2022","60,000","58,400","60,000","58,100","18.53M","4.35%"
"07/14/2022","57,500","57,600","58,200","57,400","0.15K","-0.86%"
"07/13/2022","58,000","58,200","58,600","58,000","1.69K","-0.17%"
"07/12/2022","58,100","58,600","58,700","58,100","1.89K","-1.19%"
"07/11/2022","58,800","59,200","59,500","58,700","0.37K","0.17%"
"07/10/2022","58,700","58,700","58,700","58,700","","0.00%"
"07/08/2022","58,700","58,600","59,300","58,200","15.18M","0.86%"
"07/07/2022","58,200","56,400","58,700","56,400","0.20K","3.19%"
"07/06/2022","56,400","57,300","57,300","56,400","1.59K","-1.40%"
"07/05/2022","57,200","57,700","58,200","57,200","5.97K","0.18%"
"07/04/2022","57,100","56,200","57,400","55,700","0.93K","1.60%"
"07/03/2022","56,200","56,200","56,200","56,200","","0.00%"
"07/01/2022","56,200","56,900","57,500","55,900","24.61M","-1.40%"
"06/30/2022","57,000","57,300","57,600","57,000","14.65K","-1.72%"
"06/29/2022","58,000","58,600","58,800","58,000","5.79K","-2.36%"
"06/28/2022","59,400","59,100","59,500","58,700","1.30K","1.02%"
"06/27/2022","58,800","59,000","59,900","58,300","17.90M","0.68%"
"06/26/2022","58,400","58,400","58,400","58,400","","0.00%"
"06/24/2022","58,400","57,900","59,100","57,700","23.13M","1.74%"
"06/23/2022","57,400","57,700","58,000","56,800","3.18K","-0.35%"
"06/22/2022","57,600","59,000","59,000","57,600","20.02K","-1.54%"
"06/21/2022","58,500","58,800","59,100","58,200","0.60K","-0.34%"
"06/20/2022","58,700","59,900","59,900","58,100","8.25K","-1.84%"
"06/19/2022","59,800","59,800","59,800","59,800","","0.00%"
"06/17/2022","59,800","59,400","59,900","59,400","28.79M","-1.81%"
"06/16/2022","60,900","61,400","61,800","60,500","1.22K","0.33%"
"06/15/2022","60,700","61,400","61,500","60,200","1.25K","-1.94%"
"06/14/2022","61,900","61,200","62,200","61,100","6.14K","-0.32%"
"06/13/2022","62,100","62,500","62,800","62,100","1.32K","-2.66%"
"06/12/2022","63,800","63,800","63,800","63,800","","0.00%"
"06/10/2022","63,800","64,000","64,400","63,800","22.02M","-2.15%"
"06/09/2022","65,200","65,100","65,200","64,500","25.52M","-0.15%"
"06/08/2022","65,300","65,500","65,700","65,300","3.09K","-0.31%"
"06/07/2022","65,500","66,300","66,400","65,400","0.09K","-1.95%"
"06/06/2022","66,800","66,800","66,800","66,800","","0.00%"
"06/03/2022","66,800","67,200","67,300","66,800","8.18M","0.15%"
"06/02/2022","66,700","66,600","67,000","66,500","0.06K","-1.04%"
"06/01/2022","67,400","67,400","67,400","67,400","","0.00%"
"05/31/2022","67,400","67,500","67,500","66,700","23.43M","-0.44%"
"05/30/2022","67,700","67,500","67,800","66,900","14.04M","1.80%"
"05/29/2022","66,500","66,500","66,500","66,500","","0.00%"
"05/27/2022","66,500","66,700","66,900","66,200","11.35M","0.91%"
"05/26/2022","65,900","66,300","67,200","65,500","0.11K","-0.75%"
"05/25/2022","66,400","66,700","67,000","65,900","1.00K","-0.15%"
"05/24/2022","66,500","67,600","67,700","66,500","4.18K","-2.06%"
"05/23/2022","67,900","68,700","68,800","67,600","4.12K","-0.15%"
"05/22/2022","68,000","68,000","68,000","68,000","","0.00%"
"05/20/2022","68,000","67,800","68,400","67,700","12.02M","0.74%"
"05/19/2022","67,500","66,600","67,600","66,600","4.71K","-0.88%"
"05/18/2022","68,100","68,200","68,700","67,600","1.69K","0.74%"
"05/17/2022","67,600","66,700","67,900","66,600","0.71K","1.96%"
"05/16/2022","66,300","67,100","67,300","66,100","3.52K","-0.30%"
"05/15/2022","66,500","66,500","66,500","66,500","","0.00%"
"05/13/2022","66,500","65,300","66,700","65,200","14.49M","2.47%"
"05/12/2022","64,900","65,200","65,500","64,900","2.01K","-1.22%"
"05/11/2022","65,700","65,600","66,300","65,300","1.17K","0.00%"
"05/10/2022","65,700","65,900","66,300","65,300","17.17M","-0.61%"
"05/09/2022","66,100","66,300","66,900","66,100","11.77M","-0.60%"
"05/08/2022","66,500","66,500","66,500","66,500","","0.00%"
"05/06/2022","66,500","67,000","67,100","66,500","14.25M","-2.06%"
"05/05/2022","67,900","67,900","67,900","67,900","","0.00%"
"05/04/2022","67,900","68,000","68,400","67,500","11.44M","0.59%"
"05/03/2022","67,500","67,400","68,400","67,300","0.16K","0.30%"
"05/02/2022","67,300","66,600","67,600","66,500","0.67K","-0.15%"
"05/01/2022","67,400","67,400","67,400","67,400","","0.00%"
"04/29/2022","67,400","65,100","67,600","65,000","26.09M","4.01%"
"04/28/2022","64,800","65,500","65,500","64,500","0.69K","-0.31%"
"04/27/2022","65,000","65,400","65,500","64,900","0.66K","-1.66%"
"04/26/2022","66,100","66,500","66,700","66,100","2.99K","-0.30%"
"04/25/2022","66,300","66,600","66,700","66,300","0.05K","-1.04%"
"04/24/2022","67,000","67,000","67,000","67,000","","0.00%"
"04/22/2022","67,000","67,200","67,300","66,700","11.74M","-1.03%"
"04/21/2022","67,700","67,600","68,300","67,500","0.98K","0.45%"
"04/20/2022","67,400","67,000","67,400","66,500","4.98K","0.15%"
"04/19/2022","67,300","67,100","68,000","67,000","0.60K","0.90%"
"04/18/2022","66,700","66,500","67,100","66,100","10.06M","0.15%"
"04/17/2022","66,600","66,600","66,600","66,600","","0.00%"
"04/15/2022","66,600","67,200","67,300","66,500","12.99M","-1.33%"
"04/14/2022","67,500","68,700","68,700","67,500","2.32K","-1.75%"
"04/13/2022","68,700","67,200","69,000","67,200","0.57K","2.54%"
"04/12/2022","67,000","67,600","67,700","67,000","2.41K","-1.33%"
"04/11/2022","67,900","67,800","68,100","67,400","0.69K","0.15%"
"04/10/2022","67,800","67,800","67,800","67,800","","0.00%"
"04/08/2022","67,800","68,100","68,300","67,700","15.36M","-0.29%"
"04/07/2022","68,000","68,500","68,500","68,000","2.12K","-0.73%"
"04/06/2022","68,500","68,600","68,800","68,500","15.30M","-1.01%"
"04/05/2022","69,200","69,400","69,600","69,100","1.96K","-0.14%"
"04/04/2022","69,300","68,900","69,300","68,600","10.80M","0.29%"
"04/03/2022","69,100","69,100","69,100","69,100","","0.00%"
"04/01/2022","69,100","69,500","69,500","69,000","15.85M","-0.72%"
"03/31/2022","69,600","69,900","70,100","69,600","5.43K","-0.43%"
"03/30/2022","69,900","70,300","70,500","69,800","12.35M","-0.43%"
"03/29/2022","70,200","69,900","70,300","69,800","5.95K","0.72%"
"03/28/2022","69,700","69,600","69,900","69,200","0.89K","-0.14%"
"03/27/2022","69,800","69,800","69,800","69,800","","0.00%"
"03/25/2022","69,800","70,100","70,200","69,600","12.91M","0.00%"
"03/24/2022","69,800","69,600","70,300","69,600","17.92M","-0.99%"
"03/23/2022","70,500","70,600","71,200","70,300","1.03K","0.28%"
"03/22/2022","70,300","70,000","70,500","70,000","0.79K","0.57%"
"03/21/2022","69,900","70,900","71,000","69,900","11.09M","-1.13%"
"03/20/2022","70,700","70,700","70,700","70,700","","0.00%"
"03/18/2022","70,700","70,600","70,900","70,200","14.24M","-0.70%"
"03/17/2022","71,200","71,300","71,800","70,900","1.43K","1.14%"
"03/16/2022","70,400","70,200","70,500","69,700","0.13K","1.29%"
"03/15/2022","69,500","69,800","70,100","69,500","0.20K","-1.00%"
"03/14/2022","70,200","70,000","70,200","69,600","0.78K","0.29%"
"03/13/2022","70,000","70,000","70,000","70,000","","0.00%"
"03/11/2022","70,000","70,500","70,700","69,700","15.67M","-1.69%"
"03/10/2022","71,200","70,900","71,200","70,500","2.01K","2.45%"
"03/09/2022","69,500","69,500","69,500","69,500","","0.00%"
"03/08/2022","69,500","68,800","70,000","68,700","15.72M","-0.86%"
"03/07/2022","70,100","70,000","70,600","69,900","1.39K","-1.96%"
"03/06/2022","71,500","71,500","71,500","71,500","","0.00%"
"03/04/2022","71,500","72,700","72,700","71,200","13.36M","-1.92%"
"03/03/2022","72,900","72,400","73,100","72,400","0.51K","1.67%"
"03/02/2022","71,700","72,400","72,400","71,500","0.51K","-0.55%"
"03/01/2022","72,100","72,100","72,100","72,100","","0.00%"
"02/28/2022","72,100","71,100","72,100","71,000","17.64M","0.28%"
"02/27/2022","71,900","71,900","71,900","71,900","","0.00%"
"02/25/2022","71,900","72,100","72,600","71,900","13.06M","0.56%"
"02/24/2022","71,500","72,300","72,300","71,300","10.45K","-2.05%"
"02/23/2022","73,000","73,800","73,800","72,800","2.11K","-0.54%"
"02/22/2022","73,400","73,000","73,400","72,800","20.21K","-1.08%"
"02/21/2022","74,200","73,300","74,300","72,600","0.10K","-0.13%"
"02/20/2022","74,300","74,300","74,300","74,300","","0.00%"
"02/18/2022","74,300","74,600","74,800","73,700","10.04M","-0.93%"
"02/17/2022","75,000","74,900","75,600","74,500","0.38K","0.27%"
"02/16/2022","74,800","74,600","74,800","74,200","4.64K","1.49%"
"02/15/2022","73,700","74,100","74,200","73,100","0.04K","0.00%"
"02/14/2022","73,700","74,400","74,400","73,100","4.16K","-1.60%"
"02/13/2022","74,900","74,900","74,900","74,900","","0.00%"
"02/11/2022","74,900","75,000","75,500","74,600","12.00M","-0.66%"
"02/10/2022","75,400","75,500","75,800","74,700","4.77K","0.94%"
"02/09/2022","74,700","74,300","74,700","74,000","9.60M","1.63%"
"02/08/2022","73,500","73,800","74,200","73,000","11.71M","0.68%"
"02/07/2022","73,000","73,500","73,500","72,400","0.79K","-1.35%"
"02/06/2022","74,000","74,000","74,000","74,000","","0.00%"
"02/04/2022","74,000","74,300","74,600","73,400","12.38M","0.95%"
"02/03/2022","73,300","74,100","74,100","73,300","25.35K","0.00%"
"01/28/2022","73,300","71,300","73,700","71,200","21.05M","2.81%"
"01/27/2022","71,300","73,800","74,000","71,300","11.89K","-2.73%"
"01/26/2022","73,300","73,900","74,400","73,200","3.67K","-0.95%"
"01/25/2022","74,000","74,800","75,000","73,200","17.53M","-1.46%"
"01/24/2022","75,100","75,400","75,800","74,700","13.66M","-0.66%"
"01/23/2022","75,600","75,600","75,600","75,600","","0.00%"
"01/21/2022","75,600","75,800","75,800","74,700","15.74M","-1.18%"
"01/20/2022","76,500","76,200","76,600","76,000","12.67K","0.26%"
"01/19/2022","76,300","76,500","76,900","76,100","4.48K","-0.91%"
"01/18/2022","77,000","77,500","77,800","76,600","0.17K","-0.65%"
"01/17/2022","77,500","77,600","77,800","76,900","8.75M","0.26%"
"01/16/2022","77,300","77,300","77,300","77,300","","0.00%"
"01/14/2022","77,300","77,700","78,100","77,100","9.92M","-0.77%"
"01/13/2022","77,900","79,300","79,300","77,900","7.69K","-1.27%"
"01/12/2022","78,900","79,500","79,600","78,600","10.92M","0.00%"
"01/11/2022","78,900","78,300","79,000","78,000","0.70K","1.15%"
"01/10/2022","78,000","78,100","78,100","77,100","9.63M","-0.38%"
"01/09/2022","78,300","78,300","78,300","78,300","","0.00%"
"01/07/2022","78,300","78,100","78,400","77,400","15.10M","1.82%"
"01/06/2022","76,900","76,700","77,600","76,700","8.25K","-0.65%"
"01/05/2022","77,400","78,800","79,000","76,400","1.59K","-1.65%"
"01/04/2022","78,700","78,800","79,200","78,300","3.28K","0.13%"
"01/03/2022","78,600","79,400","79,800","78,200","13.35M","0.38%"
"12/30/2021","78,300","78,900","79,500","78,100","13.92M","-0.63%"
"12/29/2021","78,800","80,100","80,100","78,500","21.44K","-1.87%"
"12/28/2021","80,300","80,200","80,400","79,700","16.31K","0.12%"
"12/27/2021","80,200","80,600","80,600","79,900","0.58K","-0.37%"
"12/26/2021","80,500","80,500","80,500","80,500","","0.00%"
"12/24/2021","80,500","80,200","80,800","80,200","12.02M","0.75%"
"12/23/2021","79,900","79,800","80,000","79,300","0.26K","0.63%"
"12/22/2021","79,400","78,800","79,400","78,800","1.69K","1.66%"
"12/21/2021","78,100","77,900","78,300","77,500","0.07K","1.30%"
"12/20/2021","77,100","77,500","77,700","76,800","10.91K","-1.15%"
"12/19/2021","78,000","78,000","78,000","78,000","","0.00%"
"12/17/2021","78,000","76,800","78,000","76,800","11.80M","0.26%"
"12/16/2021","77,800","78,300","78,400","77,400","1.76K","0.26%"
"12/15/2021","77,600","76,400","77,600","76,400","0.22K","0.78%"
"12/14/2021","77,000","76,500","77,200","76,200","0.31K","0.26%"
"12/13/2021","76,800","77,100","78,300","76,500","1.73K","-0.13%"
"12/12/2021","76,900","76,900","76,900","76,900","","0.00%"
"12/10/2021","76,900","77,400","77,600","76,800","9.09M","-1.66%"
"12/09/2021","78,200","77,300","78,200","77,000","0.62K","1.03%"
"12/08/2021","77,400","78,100","78,600","77,100","4.96K","0.00%"
"12/07/2021","77,400","76,100","77,600","75,600","0.19K","1.44%"
"12/06/2021","76,300","75,100","76,700","75,000","0.38K","0.93%"
"12/05/2021","75,600","75,600","75,600","75,600","","0.00%"
"12/03/2021","75,600","75,600","76,000","74,100","17.62M","-0.26%"
"12/02/2021","75,800","73,900","75,800","73,800","27.76K","1.88%"
"12/01/2021","74,400","72,000","74,700","71,600","1.37K","4.35%"
"11/30/2021","71,300","73,200","73,900","70,500","17.28K","-1.38%"
"11/29/2021","72,300","71,700","73,000","71,600","0.40K","0.00%"
"11/28/2021","72,300","72,300","72,300","72,300","","0.00%"
"11/26/2021","72,300","73,500","74,100","72,000","12.66M","-1.90%"
"11/25/2021","73,700","75,100","75,100","73,600","2.22K","-1.47%"
"11/24/2021","74,800","75,800","76,200","74,100","0.49K","-0.66%"
"11/23/2021","75,300","75,700","75,900","74,500","2.61K","0.53%"
"11/22/2021","74,900","73,100","75,100","73,000","51.35K","5.20%"
"11/21/2021","71,200","71,200","71,200","71,200","","0.00%"
"11/19/2021","71,200","70,400","71,400","70,100","11.91M","1.42%"
"11/18/2021","70,200","70,700","71,000","70,200","1.35K","-0.71%"
"11/17/2021","70,700","71,300","71,600","70,600","10.89M","-0.84%"
"11/16/2021","71,300","71,500","72,000","71,300","0.31K","-0.14%"
"11/15/2021","71,400","71,700","71,900","70,900","4.87K","1.13%"
"11/14/2021","70,600","70,600","70,600","70,600","","0.00%"
"11/12/2021","70,600","70,200","70,900","69,900","10.04M","1.00%"
"11/11/2021","69,900","69,900","70,000","69,600","11.44M","-0.43%"
"11/10/2021","70,200","70,300","70,900","70,200","0.98K","-0.43%"
"11/09/2021","70,500","70,400","70,900","70,100","4.89K","-0.14%"
"11/08/2021","70,600","70,300","70,600","69,800","0.59K","0.57%"
"11/07/2021","70,200","70,200","70,200","70,200","","0.00%"
"11/05/2021","70,200","71,600","71,600","70,200","12.61M","-0.57%"
"11/04/2021","70,600","71,100","71,600","70,500","1.57K","0.28%"
"11/03/2021","70,400","71,700","71,700","70,100","0.21K","-1.54%"
"11/02/2021","71,500","70,700","72,200","70,700","4.70K","2.29%"
"11/01/2021","69,900","70,200","70,600","69,900","0.07K","0.14%"
"10/31/2021","69,800","69,800","69,800","69,800","","0.00%"
"10/29/2021","69,800","71,200","71,600","69,700","16.50M","-1.27%"
"10/28/2021","70,700","69,600","72,100","69,500","2.15K","0.86%"
"10/27/2021","70,100","71,000","71,000","70,000","3.67K","-1.41%"
"10/26/2021","71,100","70,500","71,500","70,400","8.81K","1.28%"
"10/25/2021","70,200","70,000","70,600","69,500","0.15K","-0.28%"
"10/24/2021","70,400","70,400","70,400","70,400","","0.00%"
"10/22/2021","70,400","70,000","70,700","70,000","8.38M","0.28%"
"10/21/2021","70,200","70,300","70,600","70,000","2.87K","-0.14%"
"10/20/2021","70,300","70,800","71,000","70,200","1.54K","-0.42%"
"10/19/2021","70,600","70,800","71,000","70,400","0.03K","0.57%"
"10/18/2021","70,200","70,100","70,300","69,200","1.20K","0.14%"
"10/17/2021","70,100","70,100","70,100","70,100","","0.00%"
"10/15/2021","70,100","70,200","71,000","70,000","17.53M","1.01%"
"10/14/2021","69,400","69,100","69,800","68,800","0.23K","0.87%"
"10/13/2021","68,800","68,700","69,600","68,400","0.57K","-0.29%"
"10/12/2021","69,000","70,800","70,900","68,700","18.42K","-3.50%"
"10/11/2021","71,500","71,500","71,500","71,500","","0.00%"
"10/08/2021","71,500","72,300","72,400","71,500","13.97M","-0.14%"
"10/07/2021","71,600","71,800","72,100","71,300","0.17K","0.42%"
"10/06/2021","71,300","72,700","72,800","71,200","8.34K","-1.25%"
"10/05/2021","72,200","72,900","73,000","71,400","1.12K","-1.37%"
"10/04/2021","73,200","73,200","73,200","73,200","","0.00%"
"10/01/2021","73,200","73,900","74,000","72,900","15.70M","-1.21%"
"09/30/2021","74,100","74,300","74,800","73,800","6.44K","0.00%"
"09/29/2021","74,100","74,800","75,300","73,800","15.27K","-2.88%"
"09/28/2021","76,300","77,600","77,600","76,200","0.94K","-1.80%"
"09/27/2021","77,700","77,300","77,700","77,000","11.63M","0.52%"
"09/26/2021","77,300","77,300","77,300","77,300","","0.00%"
"09/24/2021","77,300","77,600","77,700","77,100","11.85M","-0.13%"
"09/23/2021","77,400","77,500","77,600","76,900","0.49K","0.26%"
"09/22/2021","77,200","77,200","77,200","77,200","","0.00%"
"09/17/2021","77,200","76,300","77,200","75,900","15.66M","1.45%"
"09/16/2021","76,100","77,300","77,400","76,100","12.88M","-1.17%"
"09/15/2021","77,000","77,200","77,300","76,500","0.04K","0.52%"
"09/14/2021","76,600","77,000","77,700","76,600","3.83K","0.39%"
"09/13/2021","76,300","75,100","76,300","75,100","1.17K","1.33%"
"09/12/2021","75,300","75,300","75,300","75,300","","0.00%"
"09/10/2021","75,300","75,300","75,600","74,800","10.04M","0.00%"
"09/09/2021","75,300","76,300","76,600","75,000","1.06K","-1.31%"
"09/08/2021","76,300","76,100","76,400","75,600","1.09K","0.26%"
"09/07/2021","76,100","77,100","77,100","75,900","2.76K","-1.55%"
"09/06/2021","77,300","76,800","77,600","76,600","3.42K","0.91%"
"09/05/2021","76,600","76,600","76,600","76,600","","0.00%"
"09/03/2021","76,600","76,400","76,700","76,000","11.89M","0.79%"
"09/02/2021","76,000","76,800","76,800","75,700","1.76K","-1.04%"
"09/01/2021","76,800","76,600","77,100","75,900","0.84K","0.13%"
"08/31/2021","76,700","74,800","76,700","74,300","16.70K","2.82%"
"08/30/2021","74,600","75,400","75,400","74,200","4.29K","0.40%"
"08/29/2021","74,300","74,300","74,300","74,300","","0.00%"
"08/27/2021","74,300","74,300","75,000","73,800","15.06M","-0.40%"
"08/26/2021","74,600","76,100","76,200","74,600","4.67K","-1.45%"
"08/25/2021","75,700","76,200","76,500","74,900","2.00K","0.13%"
"08/24/2021","75,600","73,900","75,700","73,900","0.37K","3.14%"
"08/23/2021","73,300","73,300","74,000","73,000","19.30M","0.83%"
"08/22/2021","72,700","72,700","72,700","72,700","","0.00%"
"08/20/2021","72,700","73,500","73,900","72,500","22.12M","-0.55%"
"08/19/2021","73,100","73,500","74,400","73,100","18.14K","-1.08%"
"08/18/2021","73,900","73,900","74,600","73,100","28.93M","-0.40%"
"08/17/2021","74,200","74,300","75,100","74,000","7.44K","-0.27%"
"08/16/2021","74,400","74,400","74,400","74,400","","0.00%"
"08/13/2021","74,400","75,800","76,000","74,100","60.80M","-3.38%"
"08/12/2021","77,000","77,300","78,200","76,900","57.26K","-1.91%"
"08/11/2021","78,500","79,600","79,800","78,500","29.83M","-2.12%"
"08/10/2021","80,200","82,300","82,300","80,100","13.75K","-1.60%"
"08/09/2021","81,500","81,500","82,300","80,900","15.37M","0.00%"
"08/08/2021","81,500","81,500","81,500","81,500","","0.00%"
"08/06/2021","81,500","81,900","82,500","81,300","13.28M","-0.73%"
"08/05/2021","82,100","83,200","83,300","82,000","2.46K","-0.97%"
"08/04/2021","82,900","82,100","83,100","81,800","25.81K","1.84%"
"08/03/2021","81,400","79,400","81,400","79,300","1.46K","2.65%"
"08/02/2021","79,300","79,100","79,500","78,700","1.55K","1.02%"
"08/01/2021","78,500","78,500","78,500","78,500","","0.00%"
"07/30/2021","78,500","78,900","78,900","78,500","13.12M","-0.63%"
"07/29/2021","79,000","78,900","79,300","78,800","3.62K","-0.25%"
"07/28/2021","79,200","78,200","79,200","78,100","9.00K","0.89%"
"07/27/2021","78,500","79,100","79,300","78,500","4.44K","-0.38%"
"07/26/2021","78,800","79,400","79,500","78,800","1.25K","-0.63%"
"07/25/2021","79,300","79,300","79,300","79,300","","0.00%"
"07/23/2021","79,300","79,700","79,900","79,200","8.98M","-0.50%"
"07/22/2021","79,700","79,000","79,800","78,900","11.63K","1.53%"
"07/21/2021","78,500","79,000","79,100","78,500","0.17K","-0.63%"
"07/20/2021","79,000","78,600","79,000","78,400","0.55K","0.00%"
"07/19/2021","79,000","79,200","79,200","78,800","2.48K","-1.00%"
"07/18/2021","79,800","79,800","79,800","79,800","","0.00%"
"07/16/2021","79,800","80,100","80,100","79,500","10.78M","-0.99%"
"07/15/2021","80,600","79,800","80,600","79,500","0.70K","1.38%"
"07/14/2021","79,500","79,400","79,600","79,100","11.41M","-0.38%"
"07/13/2021","79,800","79,900","80,200","79,800","8.22K","0.13%"
"07/12/2021","79,700","79,900","80,000","79,500","0.77K","0.38%"
"07/11/2021","79,400","79,400","79,400","79,400","","0.00%"
"07/09/2021","79,400","79,600","79,800","79,000","22.41M","-0.63%"
"07/08/2021","79,900","81,100","81,100","79,900","6.82K","-1.11%"
"07/07/2021","80,800","81,300","81,300","80,300","9.41K","-0.49%"
"07/06/2021","81,200","80,500","81,200","80,500","22.57K","1.00%"
"07/05/2021","80,400","80,200","80,800","80,000","0.76K","0.50%"
"07/04/2021","80,000","80,000","80,000","80,000","","0.00%"
"07/02/2021","80,000","80,000","80,400","79,900","8.18M","-0.12%"
"07/01/2021","80,100","80,600","80,600","80,000","13.59K","-0.74%"
"06/30/2021","80,700","81,200","81,400","80,700","0.97K","-0.37%"
"06/29/2021","81,000","81,900","82,100","80,800","1.58K","-1.10%"
"06/28/2021","81,900","81,700","82,000","81,600","56.64K","0.37%"
"06/27/2021","81,600","81,600","81,600","81,600","","0.00%"
"06/25/2021","81,600","81,500","81,900","81,200","12.97M","0.49%"
"06/24/2021","81,200","80,300","81,400","80,100","2.11K","1.37%"
"06/23/2021","80,100","80,600","80,600","79,900","2.25K","0.13%"
"06/22/2021","80,000","80,200","80,300","79,900","1.38K","0.13%"
"06/21/2021","79,900","79,700","80,000","79,600","15.99M","-0.75%"
"06/20/2021","80,500","80,500","80,500","80,500","","0.00%"
"06/18/2021","80,500","81,100","81,100","80,500","14.62M","-0.49%"
"06/17/2021","80,900","81,200","81,200","80,700","0.39K","-1.10%"
"06/16/2021","81,800","81,400","81,900","81,100","2.27K","1.11%"
"06/15/2021","80,900","80,900","81,200","80,600","9.84M","0.50%"
"06/14/2021","80,500","80,900","80,900","80,500","1.07K","-0.62%"
"06/13/2021","81,000","81,000","81,000","81,000","","0.00%"
"06/11/2021","81,000","81,200","81,700","80,700","13.81M","0.00%"
"06/10/2021","81,000","81,400","81,400","80,900","0.32K","-0.12%"
"06/09/2021","81,100","81,600","82,000","81,100","4.87K","-0.98%"
"06/08/2021","81,900","82,300","82,600","81,800","13.46K","0.00%"
"06/07/2021","81,900","82,700","82,800","81,600","3.95K","-0.36%"
"06/06/2021","82,200","82,200","82,200","82,200","","0.00%"
"06/04/2021","82,200","82,700","82,700","81,500","18.06M","-0.72%"
"06/03/2021","82,800","81,300","83,000","81,100","12.10K","2.48%"
"06/02/2021","80,800","80,400","81,400","80,300","1.27K","0.25%"
"06/01/2021","80,600","80,400","81,200","80,100","4.06K","0.12%"
"05/31/2021","80,500","80,300","80,600","79,600","13.28M","0.50%"
"05/30/2021","80,100","80,100","80,100","80,100","","0.00%"
"05/28/2021","80,100","79,800","80,400","79,400","12.27M","0.63%"
"05/27/2021","79,600","80,000","80,000","79,100","1.51K","-0.25%"
"05/26/2021","79,800","80,300","80,500","79,700","0.79K","-0.13%"
"05/25/2021","79,900","80,000","80,400","79,800","12.55M","0.25%"
"05/24/2021","79,700","80,100","80,400","79,500","0.88K","-0.50%"
"05/23/2021","80,100","80,100","80,100","80,100","","0.00%"
"05/21/2021","80,100","80,100","81,500","79,800","20.80M","0.75%"
"05/20/2021","79,500","79,400","79,700","79,100","0.32K","-0.13%"
"05/19/2021","79,600","79,600","79,600","79,600","","0.00%"
"05/18/2021","79,600","79,600","80,000","79,100","17.27M","0.00%"
"05/17/2021","79,600","80,900","80,900","79,200","6.45K","-0.62%"
"05/16/2021","80,100","80,100","80,100","80,100","","0.00%"
"05/14/2021","80,100","79,000","80,300","78,900","16.37M","2.04%"
"05/13/2021","78,500","78,900","79,600","78,500","4.26K","-1.88%"
"05/12/2021","80,000","80,900","81,100","79,800","9.71K","-1.48%"
"05/11/2021","81,200","82,500","82,500","81,100","12.16K","-2.40%"
"05/10/2021","83,200","82,300","83,500","81,800","7.02K","1.59%"
"05/09/2021","81,900","81,900","81,900","81,900","","0.00%"
"05/07/2021","81,900","81,800","82,100","81,500","12.80M","-0.49%"
"05/06/2021","82,300","81,700","82,300","81,700","16.85M","-0.36%"
"05/05/2021","82,600","82,600","82,600","82,600","","0.00%"
"05/04/2021","82,600","81,900","82,600","81,800","12.29M","1.10%"
"05/03/2021","81,700","81,000","82,400","81,000","15.58M","0.25%"
"05/02/2021","81,500","81,500","81,500","81,500","","0.00%"
"04/30/2021","81,500","81,900","82,100","81,500","17.26M","-0.24%"
"04/29/2021","81,700","82,400","82,400","81,500","2.84K","-0.49%"
"04/28/2021","82,100","83,100","83,200","82,100","6.80K","-0.97%"
"04/27/2021","82,900","83,300","83,300","82,500","3.86K","-0.72%"
"04/26/2021","83,500","82,900","83,500","82,600","3.37K","0.85%"
"04/25/2021","82,800","82,800","82,800","82,800","","0.00%"
"04/23/2021","82,800","81,900","82,900","81,600","17.74M","0.49%"
"04/22/2021","82,400","82,800","83,000","82,400","8.15K","-0.24%"
"04/21/2021","82,600","83,400","83,500","82,500","0.44K","-1.55%"
"04/20/2021","83,900","83,300","84,000","83,200","4.40K","0.72%"
"04/19/2021","83,300","83,900","84,000","83,300","11.08K","-0.72%"
"04/18/2021","83,900","83,900","83,900","83,900","","0.00%"
"04/16/2021","83,900","84,700","84,700","83,600","15.34M","-0.24%"
"04/15/2021","84,100","83,700","84,500","83,400","1.01K","0.12%"
"04/14/2021","84,000","84,100","84,300","83,400","4.37K","0.00%"
"04/13/2021","84,000","83,000","84,500","82,900","1.05K","0.96%"
"04/12/2021","83,200","84,000","84,100","83,100","16.47K","-0.48%"
"04/11/2021","83,600","83,600","83,600","83,600","","0.00%"
"04/09/2021","83,600","84,700","84,900","83,400","17.79M","-1.30%"
"04/08/2021","84,700","85,700","85,700","84,100","19.17M","-1.05%"
"04/07/2021","85,600","86,100","86,200","85,400","5.60K","-0.47%"
"04/06/2021","86,000","86,100","86,200","85,100","10.26K","0.70%"
"04/05/2021","85,400","85,800","86,000","84,800","0.84K","0.71%"
"04/04/2021","84,800","84,800","84,800","84,800","","0.00%"
"04/02/2021","84,800","84,000","85,200","83,900","22.89M","2.29%"
"04/01/2021","82,900","82,400","83,000","82,000","0.93K","1.84%"
"03/31/2021","81,400","82,100","82,100","81,400","0.54K","-0.97%"
"03/30/2021","82,200","81,600","82,300","81,300","13.05M","0.74%"
"03/29/2021","81,600","81,700","81,700","81,000","9.87K","0.12%"
"03/28/2021","81,500","81,500","81,500","81,500","","0.00%"
"03/26/2021","81,500","81,400","81,600","81,000","12.73M","0.37%"
"03/25/2021","81,200","80,900","82,100","80,800","0.45K","0.25%"
"03/24/2021","81,000","81,100","81,600","80,700","14.93K","-0.98%"
"03/23/2021","81,800","82,500","82,800","81,800","5.98K","-0.24%"
"03/22/2021","82,000","82,000","82,300","81,700","12.55M","0.12%"
"03/21/2021","81,900","81,900","81,900","81,900","","0.00%"
"03/19/2021","81,900","82,100","82,500","81,800","15.69M","-1.21%"
"03/18/2021","82,900","82,800","83,800","82,600","2.15K","0.73%"
"03/17/2021","82,300","82,800","82,800","82,100","32.00K","-0.60%"
"03/16/2021","82,800","82,300","83,000","82,100","3.55K","1.22%"
"03/15/2021","81,800","82,800","82,900","81,800","0.40K","-1.21%"
"03/14/2021","82,800","82,800","82,800","82,800","","0.00%"
"03/12/2021","82,800","83,100","83,500","82,400","13.41M","0.98%"
"03/11/2021","82,000","81,000","82,500","81,000","0.96K","1.36%"
"03/10/2021","80,900","82,400","82,500","80,700","8.86K","-0.61%"
"03/09/2021","81,400","81,500","81,900","80,600","1.24K","-0.73%"
"03/08/2021","82,000","83,000","83,000","81,600","6.72K","-0.12%"
"03/07/2021","82,100","82,100","82,100","82,100","","0.00%"
"03/05/2021","82,100","81,100","82,600","81,100","20.35M","-0.36%"
"03/04/2021","82,400","82,700","83,100","82,200","8.75K","-1.90%"
"03/03/2021","84,000","83,400","84,000","82,800","3.80K","0.48%"
"03/02/2021","83,600","85,000","85,300","83,000","7.76K","1.33%"
"03/01/2021","82,500","82,500","82,500","82,500","","0.00%"
"02/26/2021","82,500","82,800","83,400","82,000","36.72M","-3.28%"
"02/25/2021","85,300","84,000","85,400","83,000","6.35K","4.02%"
"02/24/2021","82,000","81,900","83,600","81,400","0.98K","0.00%"
"02/23/2021","82,000","81,300","82,900","81,100","7.03K","-0.24%"
"02/22/2021","82,200","83,800","84,200","82,200","17.48K","-0.48%"
"02/21/2021","82,600","82,600","82,600","82,600","","0.00%"
"02/19/2021","82,600","82,300","82,800","81,000","25.47M","0.61%"
"02/18/2021","82,100","83,200","83,600","82,100","24.28K","-1.32%"
"02/17/2021","83,200","83,900","84,200","83,000","16.79K","-2.00%"
"02/16/2021","84,900","84,500","86,000","84,200","24.26K","0.83%"
"02/15/2021","84,200","83,700","84,500","83,400","0.80K","3.19%"
"02/14/2021","81,600","81,600","81,600","81,600","","0.00%"
"02/10/2021","81,600","82,600","82,600","81,600","22.58M","-1.33%"
"02/09/2021","82,700","84,000","84,800","82,700","5.17K","-0.36%"
"02/08/2021","83,000","83,800","84,200","83,000","2.14K","-0.60%"
"02/07/2021","83,500","83,500","83,500","83,500","","0.00%"
"02/05/2021","83,500","83,100","84,000","82,500","17.14M","1.21%"
"02/04/2021","82,500","83,500","83,800","82,100","2.51K","-2.48%"
"02/03/2021","84,600","84,800","85,400","83,400","8.89K","0.24%"
"02/02/2021","84,400","84,100","86,300","83,700","0.51K","1.69%"
"02/01/2021","83,000","81,800","83,400","81,000","1.45K","1.22%"
"01/31/2021","82,000","82,000","82,000","82,000","","0.00%"
"01/29/2021","82,000","84,500","85,000","82,000","36.70M","-2.03%"
"01/28/2021","83,700","83,400","85,600","83,300","2.27K","-2.22%"
"01/27/2021","85,600","86,700","87,700","85,600","25.96K","-1.27%"
"01/26/2021","86,700","88,800","89,200","86,500","6.49K","-3.02%"
"01/25/2021","89,400","87,100","89,900","86,400","25.11K","3.00%"
"01/24/2021","86,800","86,800","86,800","86,800","","0.00%"
"01/22/2021","86,800","89,000","89,700","86,800","30.43M","-1.48%"
"01/21/2021","88,100","87,500","88,600","86,500","5.95K","1.03%"
"01/20/2021","87,200","88,900","88,900","86,500","3.38K","0.23%"
"01/19/2021","87,000","84,600","88,000","83,600","7.56K","2.35%"
"01/18/2021","85,000","86,700","87,300","84,200","19.68K","-3.41%"
"01/17/2021","88,000","88,000","88,000","88,000","","0.00%"
"01/15/2021","88,000","89,800","91,800","88,000","33.12M","-1.90%"
"01/14/2021","89,700","88,800","90,000","88,700","8.26K","0.00%"
"01/13/2021","89,700","89,900","91,100","89,200","35.22K","-0.99%"
"01/12/2021","90,600","90,500","91,300","87,900","29.49K","-0.44%"
"01/11/2021","91,000","90,100","96,700","90,000","41.26K","2.48%"
"01/10/2021","88,800","88,800","88,800","88,800","","0.00%"
"01/08/2021","88,800","83,300","90,000","83,000","57.52M","7.12%"
"01/07/2021","82,900","82,800","84,200","82,700","32.47M","0.85%"
"01/06/2021","82,200","83,400","84,400","82,100","13.53K","-2.03%"
"01/05/2021","83,900","81,700","83,900","81,700","8.14K","1.08%"
"01/04/2021","83,000","81,000","84,300","80,300","24.25K","2.47%"
"12/30/2020","81,000","77,400","81,300","77,300","29.12M","3.45%"
"12/29/2020","78,300","78,800","78,900","77,300","12.86K","-0.51%"
"12/28/2020","78,700","79,000","80,100","78,300","31.84K","1.16%"
"12/27/2020","77,800","77,800","77,800","77,800","","0.00%"
"12/24/2020","77,800","74,100","78,800","74,000","32.32M","5.28%"
"12/23/2020","73,900","72,300","74,000","72,300","6.05K","2.21%"
"12/22/2020","72,300","72,500","73,200","72,200","0.89K","-0.96%"
"12/21/2020","73,000","73,100","73,400","72,000","1.65K","0.00%"
"12/20/2020","73,000","73,000","73,000","73,000","","0.00%"
"12/18/2020","73,000","73,300","73,700","73,000","17.38M","-0.41%"
"12/17/2020","73,300","73,500","73,700","72,600","1.69K","-0.68%"
"12/16/2020","73,800","74,200","74,500","73,400","0.66K","0.00%"
"12/15/2020","73,800","73,800","74,100","73,300","20.48M","0.00%"
"12/14/2020","73,800","73,600","74,500","73,200","6.44K","0.54%"
"12/13/2020","73,400","73,400","73,400","73,400","","0.00%"
"12/11/2020","73,400","73,500","73,800","73,100","18.42M","0.69%"
"12/10/2020","72,900","72,800","73,800","72,500","0.99K","-1.35%"
"12/09/2020","73,900","72,100","73,900","72,100","5.79K","3.07%"
"12/08/2020","71,700","72,300","72,900","71,600","4.53K","-1.65%"
"12/07/2020","72,900","72,400","73,500","72,000","6.47K","1.96%"
"12/06/2020","71,500","71,500","71,500","71,500","","0.00%"
"12/04/2020","71,500","70,400","72,100","70,100","27.84M","2.58%"
"12/03/2020","69,700","69,500","70,500","69,300","0.22K","0.29%"
"12/02/2020","69,500","68,400","69,900","68,300","27.83M","2.51%"
"12/01/2020","67,800","67,200","68,300","67,100","0.26K","1.65%"
"11/30/2020","66,700","68,400","68,600","66,700","39.86M","-2.20%"
"11/29/2020","68,200","68,200","68,200","68,200","","0.00%"
"11/27/2020","68,200","68,000","68,400","67,600","13.93M","0.29%"
"11/26/2020","68,000","66,300","68,000","66,100","2.15K","2.10%"
"11/25/2020","66,600","67,800","68,300","66,500","6.03K","-1.62%"
"11/24/2020","67,700","67,800","69,400","67,000","2.23K","0.30%"
"11/23/2020","67,500","64,800","67,800","64,800","1.02K","4.33%"
"11/22/2020","64,700","64,700","64,700","64,700","","0.00%"
"11/20/2020","64,700","63,900","65,200","63,900","14.84M","0.15%"
"11/19/2020","64,600","64,200","64,800","63,900","2.15K","-0.31%"
"11/18/2020","64,800","65,700","66,100","64,700","3.61K","-1.37%"
"11/17/2020","65,700","66,900","66,900","65,700","18.63K","-0.90%"
"11/16/2020","66,300","63,900","66,600","63,900","8.20K","4.91%"
"11/15/2020","63,200","63,200","63,200","63,200","","0.00%"
"11/13/2020","63,200","61,300","63,200","61,000","31.31M","3.61%"
"11/12/2020","61,000","60,900","61,400","60,700","0.55K","-0.49%"
"11/11/2020","61,300","60,700","61,400","60,400","6.56K","1.83%"
"11/10/2020","60,200","60,500","60,500","59,500","7.03K","0.00%"
"11/09/2020","60,200","60,700","60,900","60,100","1.62K","0.17%"
"11/08/2020","60,100","60,100","60,100","60,100","","0.00%"
"11/06/2020","60,100","60,700","60,800","59,600","16.82M","-0.33%"
"11/05/2020","60,300","59,000","60,300","58,800","1.00K","3.08%"
"11/04/2020","58,500","59,000","59,000","57,900","2.49K","-0.51%"
"11/03/2020","58,800","57,800","58,900","57,700","0.14K","2.44%"
"11/02/2020","57,400","56,400","57,500","56,000","1.58K","1.41%"
"11/01/2020","56,600","56,600","56,600","56,600","","0.00%"
"10/30/2020","56,600","58,000","58,000","56,600","26.28M","-2.58%"
"10/29/2020","58,100","58,200","58,500","57,500","16.16K","-1.53%"
"10/28/2020","59,000","59,400","59,400","58,800","0.66K","-1.34%"
"10/27/2020","59,800","60,200","60,200","59,500","0.79K","-0.99%"
"10/26/2020","60,400","60,300","61,100","60,100","2.21K","0.33%"
"10/25/2020","60,200","60,200","60,200","60,200","","0.00%"
"10/23/2020","60,200","60,400","60,400","59,800","8.43M","0.17%"
"10/22/2020","60,100","60,400","60,500","59,800","0.39K","-1.31%"
"10/21/2020","60,900","61,100","61,500","60,600","1.04K","0.00%"
"10/20/2020","60,900","60,200","60,900","60,100","0.33K","1.50%"
"10/19/2020","60,000","59,700","60,200","59,500","10.54K","0.84%"
"10/18/2020","59,500","59,500","59,500","59,500","","0.00%"
"10/16/2020","59,500","60,000","60,400","59,000","16.03M","-0.83%"
"10/15/2020","60,000","60,800","60,800","59,700","4.80K","-1.48%"
"10/14/2020","60,900","61,000","61,100","60,500","1.86K","0.00%"
"10/13/2020","60,900","61,000","61,400","60,400","19.18M","0.83%"
"10/12/2020","60,400","60,100","60,400","59,900","0.13K","1.17%"
"10/11/2020","59,700","59,700","59,700","59,700","","0.00%"
"10/08/2020","59,700","60,500","60,700","59,500","24.40M","-0.33%"
"10/07/2020","59,900","58,700","59,900","58,500","0.12K","1.53%"
"10/06/2020","59,000","59,400","59,800","58,700","1.78K","0.51%"
"10/05/2020","58,700","57,700","59,200","57,700","0.14K","0.86%"
"10/04/2020","58,200","58,200","58,200","58,200","","0.00%"
"09/29/2020","58,200","58,300","59,000","58,200","13.54M","0.00%"
"09/28/2020","58,200","58,300","58,800","57,900","12.56M","0.52%"
"09/27/2020","57,900","57,900","57,900","57,900","","0.00%"
"09/25/2020","57,900","57,700","58,200","57,700","10.58M","0.17%"
"09/24/2020","57,800","57,700","58,600","57,600","17.49M","-1.37%"
"09/23/2020","58,600","58,400","58,800","57,500","5.73K","0.69%"
"09/22/2020","58,200","59,200","59,700","57,800","0.64K","-1.69%"
"09/21/2020","59,200","59,100","60,000","59,000","14.95M","-0.17%"
"09/20/2020","59,300","59,300","59,300","59,300","","0.00%"
"09/18/2020","59,300","59,800","59,900","59,100","18.63M","-0.34%"
"09/17/2020","59,500","60,600","60,800","59,300","11.07K","-2.46%"
"09/16/2020","61,000","61,100","61,300","60,600","7.27K","0.00%"
"09/15/2020","61,000","60,800","61,000","60,500","2.07K","0.99%"
"09/14/2020","60,400","60,300","60,700","60,000","0.71K","2.37%"
"09/13/2020","59,000","59,000","59,000","59,000","","0.00%"
"09/11/2020","59,000","59,300","59,400","58,200","15.93M","-0.34%"
"09/10/2020","59,200","59,800","60,000","59,100","7.50K","1.37%"
"09/09/2020","58,400","58,300","59,300","57,800","1.88K","-0.51%"
"09/08/2020","58,700","57,400","58,700","57,200","24.53K","3.89%"
"09/07/2020","56,500","56,000","57,300","55,800","0.24K","1.62%"
"09/06/2020","55,600","55,600","55,600","55,600","","0.00%"
"09/04/2020","55,600","55,200","55,800","55,100","21.98M","-1.42%"
"09/03/2020","56,400","55,500","56,700","55,500","6.65K","3.68%"
"09/02/2020","54,400","54,600","55,100","54,100","0.69K","0.37%"
"09/01/2020","54,200","54,100","54,800","54,100","17.39M","0.37%"
"08/31/2020","54,000","56,000","56,100","54,000","2.27K","-2.53%"
"08/30/2020","55,400","55,400","55,400","55,400","","0.00%"
"08/28/2020","55,400","56,100","56,300","55,400","14.53M","-0.36%"
"08/27/2020","55,600","56,300","56,300","55,600","1.82K","-1.42%"
"08/26/2020","56,400","56,300","56,500","55,700","3.55K","0.00%"
"08/25/2020","56,400","56,500","56,800","56,100","1.55K","0.53%"
"08/24/2020","56,100","55,800","56,600","55,400","0.21K","0.36%"
"08/23/2020","55,900","55,900","55,900","55,900","","0.00%"
"08/21/2020","55,900","56,200","56,900","55,800","21.09M","0.90%"
"08/20/2020","55,400","57,600","57,600","55,300","3.81K","-4.15%"
"08/19/2020","57,800","59,000","59,200","57,800","18.42K","-1.03%"
"08/18/2020","58,400","59,000","59,900","58,000","1.64K","0.69%"
"08/17/2020","58,000","58,000","58,000","58,000","","0.00%"
"08/14/2020","58,000","58,000","58,400","57,700","15.60M","-1.19%"
"08/13/2020","58,700","59,300","59,500","58,000","11.01K","-0.51%"
"08/12/2020","59,000","58,300","59,000","57,700","1.60K","1.37%"
"08/11/2020","58,200","58,000","59,500","57,800","52.17K","0.69%"
"08/10/2020","57,800","57,600","58,300","57,500","1.18K","0.52%"
"08/09/2020","57,500","57,500","57,500","57,500","","0.00%"
"08/07/2020","57,500","57,900","58,400","57,100","18.16M","-0.86%"
"08/06/2020","58,000","57,200","58,400","57,100","7.87K","1.93%"
"08/05/2020","56,900","57,400","57,400","56,300","6.31K","-0.70%"
"08/04/2020","57,300","57,200","58,100","57,000","1.92K","0.88%"
"08/03/2020","56,800","57,900","57,900","56,700","0.40K","-1.90%"
"08/02/2020","57,900","57,900","57,900","57,900","","0.00%"
"07/31/2020","57,900","59,500","59,600","57,700","21.86M","-1.86%"
"07/30/2020","59,000","59,700","60,100","59,000","4.60K","0.00%"
"07/29/2020","59,000","60,300","60,300","58,600","1.24K","0.68%"
"07/28/2020","58,600","56,800","58,800","56,400","64.78K","5.40%"
"07/27/2020","55,600","54,400","55,700","54,400","2.47K","2.58%"
"07/26/2020","54,200","54,200","54,200","54,200","","0.00%"
"07/24/2020","54,200","54,000","54,400","53,700","10.91M","0.18%"
"07/23/2020","54,100","54,700","54,700","53,800","15.91M","-1.10%"
"07/22/2020","54,700","55,300","55,500","54,700","3.04K","-1.08%"
"07/21/2020","55,300","55,100","55,400","54,800","5.85K","2.03%"
"07/20/2020","54,200","54,700","54,800","54,100","0.94K","-0.37%"
"07/19/2020","54,400","54,400","54,400","54,400","","0.00%"
"07/17/2020","54,400","54,200","54,700","54,100","10.04M","1.12%"
"07/16/2020","53,800","54,800","54,800","53,800","3.29K","-1.65%"
"07/15/2020","54,700","54,400","55,000","54,400","1.39K","1.67%"
"07/14/2020","53,800","53,700","53,800","53,200","0.46K","0.75%"
"07/13/2020","53,400","53,500","53,700","53,300","5.33K","1.33%"
"07/10/2020","52,700","53,100","53,200","52,300","13.65M","-0.19%"
"07/09/2020","52,800","53,300","53,600","52,800","2.64K","-0.38%"
"07/08/2020","53,000","53,600","53,900","52,900","0.22K","-0.75%"
"07/07/2020","53,400","55,900","55,900","53,400","13.78K","-2.91%"
"07/06/2020","55,000","53,900","55,000","53,800","0.50K","2.61%"
"07/05/2020","53,600","53,600","53,600","53,600","","0.00%"
"07/03/2020","53,600","53,000","53,600","52,700","11.82M","1.32%"
"07/02/2020","52,900","52,300","52,900","52,200","0.55K","0.57%"
"07/01/2020","52,600","53,400","53,500","52,400","1.58K","-0.38%"
"06/30/2020","52,800","53,800","53,800","52,800","0.04K","0.76%"
"06/29/2020","52,400","52,600","53,200","52,000","0.06K","-1.69%"
"06/28/2020","53,300","53,300","53,300","53,300","","0.00%"
"06/26/2020","53,300","52,800","53,900","52,200","21.42M","2.70%"
"06/25/2020","51,900","52,200","53,000","51,900","0.06K","-1.89%"
"06/24/2020","52,900","51,900","53,900","51,600","2.28K","2.92%"
"06/23/2020","51,400","52,500","52,700","51,100","1.70K","-1.15%"
"06/22/2020","52,000","52,100","52,600","51,800","0.06K","-1.70%"
"06/21/2020","52,900","52,900","52,900","52,900","","0.00%"
"06/19/2020","52,900","52,600","52,900","51,600","17.47M","1.15%"
"06/18/2020","52,300","52,100","52,300","51,600","4.82K","0.19%"
"06/17/2020","52,200","52,500","52,600","52,000","22.81K","0.19%"
"06/16/2020","52,100","51,200","52,100","50,600","21.42M","4.41%"
"06/15/2020","49,900","51,400","52,000","49,900","1.70K","-4.59%"
"06/14/2020","52,300","52,300","52,300","52,300","","0.00%"
"06/12/2020","52,300","52,100","52,800","51,500","26.38M","-3.68%"
"06/11/2020","54,300","54,500","55,100","53,200","1.17K","-1.99%"
"06/10/2020","55,400","55,200","55,900","54,900","6.58K","-0.18%"
"06/09/2020","55,500","55,900","56,400","54,500","12.26K","1.09%"
"06/08/2020","54,900","56,500","56,500","54,700","0.50K","-1.08%"
"06/07/2020","55,500","55,500","55,500","55,500","","0.00%"
"06/05/2020","55,500","54,400","55,900","54,000","22.40M","1.65%"
"06/04/2020","54,600","55,800","56,900","54,600","4.92K","0.18%"
"06/03/2020","54,500","51,800","55,000","51,700","4.73K","6.03%"
"06/02/2020","51,400","51,100","51,500","50,800","0.12K","0.39%"
"06/01/2020","51,200","50,800","51,200","50,600","35.32K","0.99%"
"05/31/2020","50,700","50,700","50,700","50,700","","0.00%"
"05/29/2020","50,700","50,000","50,700","49,700","26.33M","0.60%"
"05/28/2020","50,400","51,000","51,200","49,950","2.43K","1.00%"
"05/27/2020","49,900","48,950","50,000","48,800","1.96K","1.32%"
"05/26/2020","49,250","48,700","49,450","48,600","15.73K","0.82%"
"05/25/2020","48,850","48,750","48,900","48,450","1.22K","0.21%"
"05/24/2020","48,750","48,750","48,750","48,750","","0.00%"
"05/22/2020","48,750","49,600","49,800","48,600","19.29M","-2.40%"
"05/21/2020","49,950","50,300","50,400","49,850","14.58M","-0.10%"
"05/20/2020","50,000","50,000","50,200","49,800","12.86M","-0.60%"
"05/19/2020","50,300","50,100","50,500","49,700","8.24K","3.07%"
"05/18/2020","48,800","47,950","49,100","47,600","0.21K","1.99%"
"05/17/2020","47,850","47,850","47,850","47,850","","0.00%"
"05/15/2020","47,850","48,400","48,450","47,700","17.79M","-0.31%"
"05/14/2020","48,000","47,800","48,100","47,650","5.42K","-1.13%"
"05/13/2020","48,550","47,250","48,550","47,200","26.96K","1.36%"
"05/12/2020","47,900","48,400","48,500","47,550","22.07M","-1.03%"
"05/11/2020","48,400","48,900","49,250","48,300","15.94M","-0.82%"
"05/10/2020","48,800","48,800","48,800","48,800","","0.00%"
"05/08/2020","48,800","49,100","49,350","48,800","15.13M","0.00%"
"05/07/2020","48,800","49,200","49,300","48,700","13.73M","-0.81%"
"05/06/2020","49,200","49,000","49,200","48,500","18.00M","1.44%"
"05/05/2020","48,500","48,500","48,500","48,500","","0.00%"
"05/04/2020","48,500","48,900","49,100","48,500","25.80M","-3.00%"
"05/03/2020","50,000","50,000","50,000","50,000","","0.00%"
"04/29/2020","50,000","49,900","50,500","49,600","15.56M","-0.20%"
"04/28/2020","50,100","49,850","50,100","49,300","15.69M","0.50%"
"04/27/2020","49,850","49,350","50,000","49,100","13.74M","1.01%"
"04/26/2020","49,350","49,350","49,350","49,350","","0.00%"
"04/24/2020","49,350","49,650","49,750","49,000","15.56M","-1.00%"
"04/23/2020","49,850","50,200","50,300","49,500","17.93M","0.00%"
"04/22/2020","49,850","48,700","50,000","48,350","18.54M","1.22%"
"04/21/2020","49,250","49,400","49,700","48,700","26.89M","-1.70%"
"04/20/2020","50,100","51,400","51,400","50,000","21.58M","-2.53%"
"04/19/2020","51,400","51,400","51,400","51,400","","0.00%"
"04/17/2020","51,400","50,800","52,000","50,300","31.74M","4.90%"
"04/16/2020","49,000","49,350","49,350","48,550","22.57M","0.00%"
"04/15/2020","49,000","49,000","49,000","49,000","","0.00%"
"04/14/2020","49,000","48,800","49,200","48,300","14.10M","1.45%"
"04/13/2020","48,300","48,650","48,900","48,300","14.38M","-1.93%"
"04/12/2020","49,250","49,250","49,250","49,250","","0.00%"
"04/10/2020","49,250","48,950","49,250","48,650","17.79M","0.31%"
"04/09/2020","49,100","49,750","49,800","48,700","22.47M","1.03%"
"04/08/2020","48,600","49,600","49,750","48,600","24.87M","-2.02%"
"04/07/2020","49,600","49,650","50,200","49,000","31.24M","1.85%"
"04/06/2020","48,700","47,500","48,800","47,250","23.09M","3.62%"
"04/05/2020","47,000","47,000","47,000","47,000","","0.00%"
"04/03/2020","47,000","47,400","47,600","46,550","22.46M","0.43%"
"04/02/2020","46,800","46,200","46,850","45,350","21.41M","2.18%"
"04/01/2020","45,800","47,450","47,900","45,800","27.08M","-4.08%"
"03/31/2020","47,750","48,000","48,500","47,150","30.48M","-0.21%"
"03/30/2020","47,850","47,050","48,350","46,550","26.67M","-0.93%"
"03/29/2020","48,300","48,300","48,300","48,300","","0.00%"
"03/27/2020","48,300","49,600","49,700","46,850","39.73M","1.05%"
"03/26/2020","47,800","48,950","49,300","47,750","3.39K","-1.75%"
"03/25/2020","48,650","48,950","49,600","47,150","45.01K","3.62%"
"03/24/2020","46,950","43,800","46,950","43,100","0.89K","10.47%"
"03/23/2020","42,500","42,600","43,550","42,400","29.15K","-6.39%"
"03/22/2020","45,400","45,400","45,400","45,400","","0.00%"
"03/20/2020","45,400","44,150","45,500","43,550","49.16M","5.70%"
"03/19/2020","42,950","46,500","46,600","42,300","0.64K","-5.81%"
"03/18/2020","45,600","47,750","48,350","45,600","38.15M","-3.59%"
"03/17/2020","47,300","46,900","49,650","46,700","50.59M","-3.27%"
"03/16/2020","48,900","50,100","50,900","48,800","33.06M","-2.10%"
"03/15/2020","49,950","49,950","49,950","49,950","","0.00%"
"03/13/2020","49,950","47,450","51,600","46,850","58.33M","-1.67%"
"03/12/2020","50,800","51,000","51,900","49,300","47.90M","-2.50%"
"03/11/2020","52,100","54,300","54,400","52,000","37.83M","-4.58%"
"03/10/2020","54,600","53,800","54,900","53,700","31.33M","0.74%"
"03/09/2020","54,200","54,700","55,000","53,600","30.01M","-4.07%"
"03/08/2020","56,500","56,500","56,500","56,500","","0.00%"
"03/06/2020","56,500","56,500","57,200","56,200","18.59M","-2.25%"
"03/05/2020","57,800","57,600","58,000","56,700","21.66M","0.70%"
"03/04/2020","57,400","54,800","57,600","54,600","24.32M","3.61%"
"03/03/2020","55,400","56,700","56,900","55,100","29.81M","0.73%"
"03/02/2020","55,000","54,300","55,500","53,600","29.21M","1.48%"
"03/01/2020","54,200","54,200","54,200","54,200","","0.00%"
"02/28/2020","54,200","55,000","55,500","54,200","29.91M","-3.04%"
"02/27/2020","55,900","56,300","56,900","55,500","22.36M","-1.06%"
"02/26/2020","56,500","56,000","57,000","56,000","25.38M","-2.42%"
"02/25/2020","57,900","56,200","58,000","56,200","23.07M","1.94%"
"02/24/2020","56,800","57,400","58,100","56,800","25.36M","-4.05%"
"02/23/2020","59,200","59,200","59,200","59,200","","0.00%"
"02/21/2020","59,200","58,800","59,800","58,500","13.28M","-1.33%"
"02/20/2020","60,000","60,700","61,300","59,600","14.51M","-0.33%"
"02/19/2020","60,200","59,800","60,400","59,400","12.94M","0.67%"
"02/18/2020","59,800","60,800","60,900","59,700","16.63M","-2.76%"
"02/17/2020","61,500","61,600","62,000","61,200","8.49M","-0.49%"
"02/16/2020","61,800","61,800","61,800","61,800","","0.00%"
"02/14/2020","61,800","60,900","61,900","60,200","13.26M","1.81%"
"02/13/2020","60,700","61,200","61,600","60,500","18.34M","0.33%"
"02/12/2020","60,500","60,300","60,700","59,700","12.73M","1.00%"
"02/11/2020","59,900","59,800","60,700","59,700","10.95M","0.34%"
"02/10/2020","59,700","59,200","59,800","59,100","12.69M","-1.16%"
"02/09/2020","60,400","60,400","60,400","60,400","","0.00%"
"02/07/2020","60,400","61,100","61,200","59,700","16.27M","-1.15%"
"02/06/2020","61,100","60,100","61,100","59,700","14.68M","2.69%"
"02/05/2020","59,500","60,000","60,200","58,900","18.19M","1.02%"
"02/04/2020","58,900","57,100","59,000","56,800","21.10M","2.97%"
"02/03/2020","57,200","55,500","57,400","55,200","22.91M","1.42%"
"02/02/2020","56,400","56,400","56,400","56,400","","0.00%"
"01/31/2020","56,400","57,800","58,400","56,400","19.49M","-1.40%"
"01/30/2020","57,200","58,800","58,800","56,800","20.72M","-3.21%"
"01/29/2020","59,100","59,100","59,700","58,800","16.26M","0.51%"
"01/28/2020","58,800","59,400","59,400","58,300","22.63M","-3.29%"
"01/27/2020","60,800","60,800","60,800","60,800","","0.00%"
"01/23/2020","60,800","61,800","61,800","60,700","14.88M","-2.41%"
"01/22/2020","62,300","60,500","62,600","60,400","15.05M","1.47%"
"01/21/2020","61,400","62,000","62,400","61,200","11.11M","-1.60%"
"01/20/2020","62,400","62,000","62,800","61,700","12.46M","1.79%"
"01/19/2020","61,300","61,300","61,300","61,300","","0.00%"
"01/17/2020","61,300","61,900","62,000","61,000","15.45M","0.99%"
"01/16/2020","60,700","59,100","60,700","59,000","13.56M","2.88%"
"01/15/2020","59,000","59,500","59,600","58,900","13.72M","-1.67%"
"01/14/2020","60,000","60,400","61,000","59,900","16.08M","0.00%"
"01/13/2020","60,000","59,600","60,000","59,100","11.26M","0.84%"
"01/12/2020","59,500","59,500","59,500","59,500","","0.00%"
"01/10/2020","59,500","58,800","59,700","58,300","15.83M","1.54%"
"01/09/2020","58,600","58,400","58,600","57,400","23.23M","3.17%"
"01/08/2020","56,800","56,200","57,400","55,900","23.33M","1.79%"
"01/07/2020","55,800","55,700","56,400","55,600","9.89M","0.54%"
"01/06/2020","55,500","54,900","55,600","54,600","10.24M","0.00%"
"01/05/2020","55,500","55,500","55,500","55,500","","0.00%"
"01/03/2020","55,500","56,000","56,600","54,900","15.31M","0.54%"
"01/02/2020","55,200","55,500","56,000","55,000","12.76M","-1.08%"
"12/30/2019","55,800","56,200","56,600","55,700","8.35M","-1.24%"
"12/29/2019","56,500","56,500","56,500","56,500","","0.00%"
"12/27/2019","56,500","55,700","56,900","55,500","12.29M","1.99%"
"12/26/2019","55,400","54,700","55,400","54,400","9.57M","0.73%"
"12/25/2019","55,000","55,000","55,000","55,000","","0.00%"
"12/24/2019","55,000","55,600","55,700","54,800","9.19M","-0.90%"
"12/23/2019","55,500","56,100","56,400","55,100","9.49M","-0.89%"
"12/22/2019","56,000","56,000","56,000","56,000","","0.00%"
"12/20/2019","56,000","56,100","56,500","55,600","12.07M","0.00%"
"12/19/2019","56,000","57,000","57,300","55,500","13.95M","-0.53%"
"12/18/2019","56,300","56,700","57,200","56,000","15.49M","-0.71%"
"12/17/2019","56,700","55,800","56,700","55,400","18.75M","3.66%"
"12/16/2019","54,700","54,500","54,900","54,300","11.10M","0.00%"
"12/15/2019","54,700","54,700","54,700","54,700","","0.00%"
"12/13/2019","54,700","54,500","54,800","53,900","17.59M","2.63%"
"12/12/2019","53,300","53,000","53,300","52,700","28.45M","2.70%"
"12/11/2019","51,900","51,500","52,200","51,400","11.00M","0.78%"
"12/10/2019","51,500","51,000","51,600","50,700","6.87M","0.59%"
"12/09/2019","51,200","50,900","51,400","50,700","8.27M","1.59%"
"12/08/2019","50,400","50,400","50,400","50,400","","0.00%"
"12/06/2019","50,400","50,100","50,900","49,950","10.87M","1.82%"
"12/05/2019","49,500","50,200","50,400","49,500","10.02M","0.10%"
"12/04/2019","49,450","49,600","49,850","49,000","12.96M","-0.90%"
"12/03/2019","49,900","49,800","50,300","49,500","12.00M","-0.99%"
"12/02/2019","50,400","50,900","51,300","50,400","9.59M","0.20%"
"12/01/2019","50,300","50,300","50,300","50,300","","0.00%"
"11/29/2019","50,300","51,200","51,400","50,200","11.01M","-1.95%"
"11/28/2019","51,300","51,900","52,100","51,300","6.15M","-1.72%"
"11/27/2019","52,200","51,800","52,300","51,600","7.19M","0.77%"
"11/26/2019","51,800","51,900","52,900","51,800","26.04M","0.00%"
"11/25/2019","51,800","52,200","52,600","51,700","9.01M","0.39%"
"11/22/2019","51,600","51,000","51,600","50,900","8.33M","1.18%"
"11/21/2019","51,000","51,600","52,100","50,600","14.25M","-1.92%"
"11/20/2019","52,000","53,400","53,400","52,000","11.83M","-2.80%"
"11/19/2019","53,500","53,200","53,500","52,700","8.10M","0.00%"
"11/18/2019","53,500","53,600","53,800","53,200","7.65M","-0.37%"
"11/17/2019","53,700","53,700","53,700","53,700","","0.00%"
"11/15/2019","53,700","52,900","53,700","52,600","9.68M","1.70%"
"11/14/2019","52,800","51,900","52,800","51,900","12.00M","0.57%"
"11/13/2019","52,500","52,500","52,500","52,000","6.22M","-0.19%"
"11/12/2019","52,600","51,800","52,600","51,600","6.10M","1.94%"
"11/11/2019","51,600","52,200","52,200","51,400","8.18M","-0.96%"
"11/10/2019","52,100","52,100","52,100","52,100","","0.00%"
"11/08/2019","52,100","53,200","53,300","52,000","10.39M","-1.51%"
"11/07/2019","52,900","53,400","53,400","52,400","9.14M","-0.75%"
"11/06/2019","53,300","52,900","53,500","52,700","13.12M","1.14%"
"11/05/2019","52,700","52,400","52,700","52,100","10.12M","0.76%"
"11/04/2019","52,300","51,700","52,300","51,400","12.76M","2.15%"
"11/03/2019","51,200","51,200","51,200","51,200","","0.00%"
"11/01/2019","51,200","50,600","51,200","50,400","7.54M","1.59%"
"10/31/2019","50,400","51,000","51,400","50,300","10.21M","0.00%"
"10/30/2019","50,400","50,700","50,800","50,200","8.87M","-1.37%"
"10/29/2019","51,100","51,400","51,700","50,800","7.14M","-0.39%"
"10/28/2019","51,300","50,700","51,500","50,700","6.34M","0.79%"
"10/27/2019","50,900","50,900","50,900","50,900","","0.00%"
"10/25/2019","50,900","50,800","51,200","50,500","7.84M","0.39%"
"10/24/2019","50,700","52,500","52,500","50,500","10.77M","-0.98%"
"10/23/2019","51,200","51,300","51,500","50,800","8.46M","0.00%"
"10/22/2019","51,200","50,800","51,500","50,700","10.71M","1.79%"
"10/21/2019","50,300","49,900","50,400","49,800","4.39M","0.80%"
"10/20/2019","49,900","49,900","49,900","49,900","","0.00%"
"10/18/2019","49,900","50,300","50,900","49,650","8.40M","-1.19%"
"10/17/2019","50,500","50,500","50,600","50,100","6.61M","-0.39%"
"10/16/2019","50,700","50,700","50,900","50,400","9.01M","1.20%"
"10/15/2019","50,100","49,900","50,200","49,900","5.90M","0.20%"
"10/14/2019","50,000","50,000","50,300","49,850","10.87M","1.73%"
"10/13/2019","49,150","49,150","49,150","49,150","","0.00%"
"10/11/2019","49,150","49,000","49,450","48,800","7.73M","1.24%"
"10/10/2019","48,550","48,200","49,200","48,000","17.84M","-0.72%"
"10/09/2019","48,900","48,900","48,900","48,900","","0.00%"
"10/08/2019","48,900","47,900","49,000","47,600","13.29M","2.41%"
"10/07/2019","47,750","48,350","48,700","47,650","6.47M","-0.52%"
"10/06/2019","48,000","48,000","48,000","48,000","","0.00%"
"10/04/2019","48,000","47,400","48,650","47,350","8.46M","0.84%"
"10/03/2019","47,600","47,600","47,600","47,600","","0.00%"
"10/02/2019","47,600","48,350","48,400","47,600","8.37M","-2.56%"
"10/01/2019","48,850","48,900","49,100","48,650","6.20M","-0.41%"
"09/30/2019","49,050","48,050","49,250","47,900","9.20M","1.34%"
"09/29/2019","48,400","48,400","48,400","48,400","","0.00%"
"09/27/2019","48,400","48,000","48,700","48,000","8.03M","-1.63%"
"09/26/2019","49,200","49,000","49,250","48,900","8.36M","0.61%"
"09/25/2019","48,900","49,200","49,350","48,800","9.11M","-1.21%"
"09/24/2019","49,500","49,050","49,650","48,850","7.84M","0.41%"
"09/23/2019","49,300","49,250","49,300","49,000","7.40M","0.20%"
"09/22/2019","49,200","49,200","49,200","49,200","","0.00%"
"09/20/2019","49,200","49,400","49,600","49,100","14.91M","0.10%"
"09/19/2019","49,150","48,050","49,200","47,850","15.19M","3.04%"
"09/18/2019","47,700","46,900","47,700","46,800","9.82M","1.71%"
"09/17/2019","46,900","47,000","47,100","46,800","5.99M","-0.42%"
"09/16/2019","47,100","47,000","47,100","46,400","11.99M","-0.11%"
"09/15/2019","47,150","47,150","47,150","47,150","","0.00%"
"09/11/2019","47,150","47,300","47,400","46,800","16.12M","0.32%"
"09/10/2019","47,000","47,100","47,200","46,550","9.16M","0.21%"
"09/09/2019","46,900","46,450","47,000","46,300","9.17M","1.30%"
"09/08/2019","46,300","46,300","46,300","46,300","","0.00%"
"09/06/2019","46,300","46,500","46,500","45,850","9.70M","1.31%"
"09/05/2019","45,700","44,800","46,100","44,450","17.82M","3.63%"
"09/04/2019","44,100","43,250","44,100","43,150","11.48M","1.97%"
"09/03/2019","43,250","43,550","43,650","43,100","8.52M","-1.26%"
"09/02/2019","43,800","44,850","44,850","43,650","7.11M","-0.45%"
"09/01/2019","44,000","44,000","44,000","44,000","","0.00%"
"08/30/2019","44,000","43,750","44,300","43,750","8.78M","1.38%"
"08/29/2019","43,400","44,200","44,200","43,050","10.13M","-1.70%"
"08/28/2019","44,150","44,100","44,400","43,750","5.75M","0.23%"
"08/27/2019","44,050","43,650","44,200","43,600","16.31M","1.03%"
"08/26/2019","43,600","43,050","43,800","42,950","7.94M","-0.80%"
"08/25/2019","43,950","43,950","43,950","43,950","","0.00%"
"08/23/2019","43,950","43,800","44,200","43,650","4.64M","-0.23%"
"08/22/2019","44,050","44,500","44,700","43,850","8.05M","-1.01%"
"08/21/2019","44,500","44,350","44,800","44,150","6.52M","0.11%"
"08/20/2019","44,450","43,950","44,600","43,550","8.41M","1.95%"
"08/19/2019","43,600","44,350","44,350","43,500","5.97M","-0.68%"
"08/18/2019","43,900","43,900","43,900","43,900","","0.00%"
"08/16/2019","43,900","43,800","43,900","43,300","9.45M","0.46%"
"08/15/2019","43,700","43,700","43,700","43,700","","0.00%"
"08/14/2019","43,700","43,900","44,250","43,500","8.50M","1.63%"
"08/13/2019","43,000","43,500","43,500","42,950","6.96M","-1.60%"
"08/12/2019","43,700","44,000","44,000","43,550","7.27M","1.27%"
"08/11/2019","43,150","43,150","43,150","43,150","","0.00%"
"08/09/2019","43,150","43,250","43,350","43,050","9.08M","1.17%"
"08/08/2019","42,650","43,250","43,500","42,650","16.00M","-1.27%"
"08/07/2019","43,200","43,600","43,900","43,100","9.99M","-0.69%"
"08/06/2019","43,500","42,500","43,800","42,500","15.06M","-1.02%"
"08/05/2019","43,950","44,350","44,600","43,600","13.32M","-2.22%"
"08/04/2019","44,950","44,950","44,950","44,950","","0.00%"
"08/02/2019","44,950","44,550","45,500","44,300","11.82M","-0.55%"
"08/01/2019","45,200","44,900","45,500","44,850","7.74M","-0.33%"
"07/31/2019","45,350","46,200","46,600","45,000","12.82M","-2.58%"
"07/30/2019","46,550","46,300","46,850","46,300","5.51M","0.98%"
"07/29/2019","46,100","46,800","47,050","46,000","6.85M","-2.23%"
"07/28/2019","47,150","47,150","47,150","47,150","","0.00%"
"07/26/2019","47,150","46,650","47,150","46,550","7.67M","-0.11%"
"07/25/2019","47,200","47,150","47,200","46,600","8.38M","1.72%"
"07/24/2019","46,400","47,100","47,150","46,250","8.34M","-1.90%"
"07/23/2019","47,300","47,350","47,550","47,050","8.90M","0.21%"
"07/22/2019","47,200","46,800","47,300","46,600","9.01M","0.85%"
"07/21/2019","46,800","46,800","46,800","46,800","","0.00%"
"07/19/2019","46,800","46,650","46,950","46,600","7.98M","1.52%"
"07/18/2019","46,100","46,450","46,450","45,650","4.95M","0.11%"
"07/17/2019","46,050","46,150","46,350","45,950","5.21M","-1.71%"
"07/16/2019","46,850","46,450","46,850","46,300","7.21M","0.86%"
"07/15/2019","46,450","45,950","46,650","45,750","4.71M","0.32%"
"07/14/2019","46,300","46,300","46,300","46,300","","0.00%"
"07/12/2019","46,300","46,350","46,400","45,800","5.12M","0.22%"
"07/11/2019","46,200","46,350","46,550","46,150","10.85M","1.43%"
"07/10/2019","45,550","45,550","46,150","45,500","9.17M","1.00%"
"07/09/2019","45,100","44,850","45,450","44,700","7.63M","1.58%"
"07/08/2019","44,400","44,750","44,800","44,350","7.81M","-2.74%"
"07/05/2019","45,650","45,950","45,950","45,250","7.22M","-0.76%"
"07/04/2019","46,000","45,250","46,200","45,250","6.36M","1.32%"
"07/03/2019","45,400","45,750","46,350","45,200","9.66M","-1.84%"
"07/02/2019","46,250","46,200","46,900","45,850","8.43M","-0.75%"
"07/01/2019","46,600","47,350","47,400","46,250","11.03M","-0.85%"
"06/30/2019","47,000","47,000","47,000","47,000","","0.00%"
"06/28/2019","47,000","47,000","47,000","46,700","12.25M","1.08%"
"06/27/2019","46,500","46,000","46,600","45,750","12.58M","1.75%"
"06/26/2019","45,700","45,800","46,000","45,600","9.02M","0.22%"
"06/25/2019","45,600","45,200","45,800","45,200","6.87M","0.22%"
"06/24/2019","45,500","45,200","45,800","45,200","6.07M","-0.44%"
"06/23/2019","45,700","45,700","45,700","45,700","","0.00%"
"06/21/2019","45,700","45,750","45,800","45,200","9.32M","0.44%"
"06/20/2019","45,500","44,850","45,500","44,850","6.76M","0.33%"
"06/19/2019","45,350","45,450","45,450","45,000","9.36M","2.25%"
"06/18/2019","44,350","43,750","44,500","43,650","7.98M","1.03%"
"06/17/2019","43,900","43,750","44,050","43,400","7.36M","-0.23%"
"06/16/2019","44,000","44,000","44,000","44,000","","0.00%"
"06/14/2019","44,000","43,750","44,150","43,300","8.31M","0.57%"
"06/13/2019","43,750","44,200","44,400","43,400","16.89M","-1.91%"
"06/12/2019","44,600","44,800","45,050","44,300","8.55M","-0.56%"
"06/11/2019","44,850","44,800","45,000","44,550","6.63M","0.11%"
"06/10/2019","44,800","44,300","44,850","44,050","8.62M","1.36%"
"06/07/2019","44,200","43,600","44,350","43,450","11.62M","0.68%"
"06/05/2019","43,900","44,050","44,200","43,700","10.82M","1.04%"
"06/04/2019","43,450","43,400","43,700","43,000","9.87M","-0.80%"
"06/03/2019","43,800","42,950","43,900","42,500","15.08M","3.06%"
"05/31/2019","42,500","42,600","42,800","42,150","10.21M","-0.12%"
"05/30/2019","42,550","42,200","42,700","42,150","9.98M","1.79%"
"05/29/2019","41,800","41,850","42,100","41,300","14.52M","-1.76%"
"05/28/2019","42,550","42,550","42,950","42,150","22.59M","-0.23%"
"05/27/2019","42,650","42,500","43,000","42,350","7.44M","-0.12%"
"05/24/2019","42,700","43,800","43,800","42,400","13.34M","-2.62%"
"05/23/2019","43,850","43,900","44,000","43,250","12.19M","0.80%"
"05/22/2019","43,500","43,700","43,800","42,400","10.70M","0.81%"
"05/21/2019","43,150","42,600","43,950","42,350","18.69M","2.74%"
"05/20/2019","42,000","41,650","42,100","41,550","13.11M","1.94%"
"05/17/2019","41,200","41,950","42,050","40,850","12.29M","-0.84%"
"05/16/2019","41,550","42,350","42,400","41,350","13.62M","-2.35%"
"05/15/2019","42,550","42,700","43,050","42,550","7.66M","-0.23%"
"05/14/2019","42,650","41,300","43,100","41,300","11.54M","0.00%"
"05/13/2019","42,650","42,500","43,200","42,350","7.62M","-0.58%"
"05/10/2019","42,900","42,600","43,450","42,450","13.51M","1.06%"
"05/09/2019","42,450","43,900","44,250","42,450","22.04M","-4.07%"
"05/08/2019","44,250","44,300","44,850","44,200","10.04M","-1.34%"
"05/07/2019","44,850","45,250","45,300","44,400","11.96M","-0.99%"
"05/03/2019","45,300","45,900","46,050","45,300","6.54M","-1.31%"
"05/02/2019","45,900","45,500","46,150","45,400","8.62M","0.11%"
"04/30/2019","45,850","46,000","46,300","45,350","10.16M","-0.65%"
"04/29/2019","46,150","45,150","46,150","45,100","8.48M","2.90%"
"04/26/2019","44,850","44,200","45,000","43,800","9.37M","0.45%"
"04/25/2019","44,650","44,250","45,000","44,100","9.52M","-0.22%"
"04/24/2019","44,750","45,400","45,650","44,150","12.18M","-1.00%"
"04/23/2019","45,200","45,050","45,500","45,000","6.88M","-0.33%"
"04/22/2019","45,350","45,400","45,900","45,100","5.90M","0.11%"
"04/19/2019","45,300","45,750","46,000","45,250","8.35M","-0.66%"
"04/18/2019","45,600","47,200","47,250","45,500","10.83M","-3.08%"
"04/17/2019","47,050","47,300","47,600","47,000","5.47M","-0.42%"
"04/16/2019","47,250","47,400","47,400","46,800","7.62M","0.43%"
"04/15/2019","47,050","47,150","47,500","47,000","8.72M","0.43%"
"04/12/2019","46,850","46,050","46,900","46,000","7.65M","1.30%"
"04/11/2019","46,250","46,700","46,800","46,150","13.62M","-0.96%"
"04/10/2019","46,700","46,400","46,700","46,050","10.35M","0.11%"
"04/09/2019","46,650","46,700","46,950","46,200","6.88M","0.00%"
"04/08/2019","46,650","47,250","47,250","46,150","8.49M","-0.43%"
"04/05/2019","46,850","46,950","47,550","46,600","8.53M","-0.21%"
"04/04/2019","46,950","46,150","47,100","46,150","11.44M","0.75%"
"04/03/2019","46,600","46,750","46,750","45,800","12.00M","1.86%"
"04/02/2019","45,750","45,550","46,100","45,350","8.90M","1.55%"
"04/01/2019","45,050","45,200","45,450","44,850","6.79M","0.90%"
"03/29/2019","44,650","44,500","44,900","44,200","11.00M","-0.45%"
"03/28/2019","44,850","44,950","45,200","44,300","6.81M","-1.10%"
"03/27/2019","45,350","44,750","45,600","44,250","9.32M","0.22%"
"03/26/2019","45,250","45,500","45,700","44,900","9.65M","-0.55%"
"03/25/2019","45,500","45,300","45,650","44,800","8.68M","-2.26%"
"03/22/2019","46,550","46,850","47,000","46,250","12.49M","1.53%"
"03/21/2019","45,850","44,600","46,250","44,050","21.03M","4.09%"
"03/20/2019","44,050","43,800","44,200","43,100","9.83M","0.34%"
"03/19/2019","43,900","43,750","43,900","43,550","7.60M","0.46%"
"03/18/2019","43,700","43,950","44,150","43,450","8.16M","-1.13%"
"03/15/2019","44,200","43,800","44,250","43,700","14.61M","0.80%"
"03/14/2019","43,850","43,700","44,300","43,550","18.02M","0.00%"
"03/13/2019","43,850","44,250","44,450","43,700","8.10M","-1.79%"
"03/12/2019","44,650","44,300","44,950","44,150","10.83M","2.29%"
"03/11/2019","43,650","44,400","44,450","43,650","8.51M","-0.34%"
"03/08/2019","43,800","44,450","44,800","43,800","7.70M","-1.46%"
"03/07/2019","44,450","43,400","44,950","43,400","10.99M","1.02%"
"03/06/2019","44,000","44,000","44,300","43,700","9.95M","-0.56%"
"03/05/2019","44,250","44,600","45,100","44,150","10.50M","-1.34%"
"03/04/2019","44,850","46,000","46,100","44,800","12.67M","-0.55%"
"02/28/2019","45,100","46,400","46,500","45,100","23.50M","-3.53%"
"02/27/2019","46,750","47,000","47,250","46,750","7.69M","0.00%"
"02/26/2019","46,750","47,350","47,450","46,500","7.98M","-1.27%"
"02/25/2019","47,350","47,400","47,550","47,050","7.46M","0.42%"
"02/22/2019","47,150","46,500","47,150","46,450","6.67M","0.43%"
"02/21/2019","46,950","46,500","47,200","46,200","8.45M","0.11%"
"02/20/2019","46,900","46,750","47,100","46,500","11.22M","2.07%"
"02/19/2019","45,950","45,850","46,150","45,450","6.73M","-0.54%"
"02/18/2019","46,200","46,500","46,850","45,850","8.17M","0.33%"
"02/15/2019","46,050","46,750","46,850","45,650","10.54M","-3.05%"
"02/14/2019","47,500","46,600","47,500","46,150","17.12M","2.81%"
"02/13/2019","46,200","46,400","46,700","46,000","11.29M","0.33%"
"02/12/2019","46,050","44,650","46,250","44,650","12.99M","2.33%"
"02/11/2019","45,000","44,500","45,000","44,250","10.23M","0.45%"
"02/08/2019","44,800","45,700","45,700","44,650","12.49M","-3.03%"
"02/07/2019","46,200","46,800","47,100","46,200","15.64M","-0.32%"